,1991,1992,1993,1994,1995,1996,1997,1998,1999,2000,2001,2002,2003,2004,2005,2006,2007,2008,2009,2010,2011
0,61667,61751,61706,61651,61602,61786,61968,62283,62576,62952,63370,63784,64245,64550,64891,65284,65807,66670,67745,68950,69775
1,35281,36409,37298,38190,38936,39563,40322,40883,42104,44026,45224,46614,48109,48820,49919,51118,52101,53273,54354,55410,56051
2,18092,18263,18362,18477,18568,18699,18589,18706,18826,18748,18810,19005,19084,19128,19205,19337,19413,19440,19501,19577,19595
3,53440,54889,55973,57127,57799,58677,59581,60599,61743,62960,64093,65063,65941,66787,67299,67708,68319,68762,69214,69989,70407
4,135708,139242,142034,144430,147027,149899,151861,153483,155897,158288,160596,161388,161458,161223,161462,161885,162975,165153,167081,168351,169018
5,104122,107654,110404,113134,115558,118851,121670,124406,127424,130656,134000,136142,137861,138776,139941,141166,143524,147185,149715,152010,153639
6,36738,37164,37509,37984,38442,38792,39149,39518,39979,40308,40816,41193,41414,41503,41809,42122,42448,43100,44095,44711,45176
7,60023,60213,60035,60038,59652,59383,59308,59248,59152,59010,58987,58617,58047,57398,56970,56674,56436,56218,56242,56397,56545
8,43227,43364,43381,43409,43427,43392,43371,43345,43624,43593,43738,43619,43462,43349,43175,43119,43465,43837,44438,44927,45360
9,48674,49161,49512,49625,49588,49636,50036,50836,51464,51902,52288,52448,52513,52311,52328,52482,53053,53725,54493,55353,56318
10,43043,43844,44249,44781,45208,45589,46302,46951,47115,47390,47789,47964,48065,48211,48450,48737,49151,49400,49991,50573,50847
11,64184,65597,67181,68754,70324,71325,72206,72817,73777,74864,75674,76677,77723,78540,79042,79785,80713,81779,82637,83684,84335
12,31961,32041,31933,31890,31681,31565,31535,31262,30995,30713,30532,29914,29147,28413,27835,27289,26946,26696,26665,26686,26498
13,28275,27890,27378,26699,25864,25300,25042,24934,24761,24366,24208,23832,23424,23055,22768,22491,22447,22343,22180,22041,21937
14,65389,66424,66770,67137,67023,66869,67081,67491,68196,68395,68842,68585,68193,67861,67635,67538,67629,68306,68944,69491,69556
15,72171,72406,72539,72798,73150,73742,74354,74891,75406,75894,76441,76970,77460,77724,78219,78679,79735,80922,82002,83327,84692
16,44916,45329,45807,46330,46924,47536,48447,49315,50180,51352,52324,53927,55458,56753,58337,59934,61670,62840,63895,65097,66540
17,46264,47478,49225,50627,52283,53764,55262,56548,57957,59572,61044,62087,63336,64088,64784,64829,66155,67099,68138,69289,70039
18,29016,29095,29155,29196,29111,29038,28976,28792,28618,28454,28529,28754,28737,28637,28748,28972,29087,29348,29679,30091,30534
19,69510,69354,69203,69189,69298,69879,70096,70749,71340,71638,72302,72678,72874,72980,72762,72762,73271,73903,74510,75209,75330
20,64753,66465,67950,69297,70860,72024,73501,74680,76168,77721,79109,79844,80623,81015,81437,81794,82623,83828,84940,86058,86959
21,110606,110939,111186,111507,112215,113220,113953,114099,114599,115120,115960,117160,117588,117648,117946,118134,119486,121521,123364,125246,126725
22,22714,23376,23928,24404,25023,25580,26249,26843,27088,27580,28094,28489,28719,29094,29244,29321,29705,29894,30285,30706,30967
23,42168,42978,43245,43755,43984,44094,44421,44831,44948,44976,45235,45369,45378,45814,46332,46389,46742,47203,47724,48176,48418
24,49469,51155,52557,54356,56152,57150,58266,60110,61708,63448,64874,66481,67820,68931,69633,69963,71109,72523,73296,74432,75266
25,46368,46970,47461,48027,48278,48401,48532,48740,49099,49298,49425,49733,50264,50640,50935,50987,51317,51696,52107,52607,53047
26,52210,52635,52891,53282,53689,54031,54333,54627,54896,55178,55583,55982,56246,56529,56993,57456,58004,58373,58684,59068,59337
27,14794,14765,14705,14605,14540,14550,14483,14441,14347,14153,14120,13975,13806,13616,13512,13437,13279,13162,13030,12958,12824
28,41093,41291,41344,41247,41249,41405,41566,41618,41775,41705,42032,41915,41719,41481,41436,41676,41767,41706,41827,41770,41634
29,39147,39054,38626,38348,37807,37440,37336,37190,36997,36852,36743,36594,36291,36051,35983,36035,36139,36582,36992,37263,37397
30,39982,39860,39525,39155,38482,38128,38157,38205,38161,38034,38138,38158,37985,37813,37885,38112,38183,38251,38581,38788,38859
31,31148,30796,30362,29990,29489,29043,29249,29387,29621,29790,30007,29532,28941,28225,27658,27228,26855,26707,26691,26750,26791
32,75817,75772,75365,75234,74629,74330,74457,74573,74628,74673,74837,74942,74921,74832,74836,75395,76119,76730,77589,78627,79512
33,109284,109716,110020,110450,111124,112045,112924,113880,114921,115874,116872,117240,117475,117419,117416,117454,117817,118632,119970,120895,121876
34,58700,59390,59687,60637,61684,62489,63696,64746,65805,66279,67249,67934,68412,68676,68834,68817,69497,70483,71418,72093,72679
35,143088,143389,143380,143204,143436,144308,145173,145765,146503,147269,148073,149247,150555,151722,152700,153511,155391,157570,159113,160812,163007
36,56776,58567,60079,62247,64312,65427,66768,68051,69553,70669,71896,72906,73609,74020,74205,74545,74952,75362,75791,76161,76358
37,68623,69190,69287,69570,69758,69760,69732,69519,69200,69115,68887,68856,68697,68697,69004,69674,70240,70536,70912,71405,71703
38,54185,56122,58201,60618,62842,64939,67166,69061,70533,72618,73980,75711,77868,79555,80382,81531,83060,84842,86539,87722,88437
39,46393,46443,46563,46731,46803,47152,47374,47505,48099,48855,49373,49170,48767,48432,48190,48091,47936,47997,48295,48406,48418
40,15429,15393,15328,15264,15194,15187,15171,15129,15141,15103,15112,15047,15063,14805,14710,14711,14668,14603,14701,14787,14793
41,86238,86528,87284,87414,87257,87269,87353,87232,87441,87419,87629,87848,87745,87826,88313,89073,90010,90880,91647,92190,92509
42,70367,72661,74357,75986,77482,78846,80629,81848,83506,85161,86827,88021,88831,89319,90144,90481,91464,92257,93622,94934,96006
43,34225,35017,35711,36382,37260,38118,38680,39116,40206,41425,42327,42908,43195,43337,43369,43484,44045,44516,45144,45722,46118
44,94092,96070,97866,99305,101593,103965,107584,111404,113567,115550,118274,121028,123946,126397,128500,130147,131923,134537,137147,138554,139637
45,21525,21728,22102,22583,22902,23313,23774,24087,24429,24805,25175,25035,25040,25028,25052,25130,25224,25551,25893,26115,26365
46,19210,19617,20100,20496,20838,21274,21749,22180,22596,22999,23519,23723,23853,23610,23584,23759,23916,24183,24551,24721,24829
47,11554,11714,11828,11952,11993,12088,12279,13155,15028,17066,18531,21005,22449,23312,24233,25284,25803,26440,27080,27483,28035
48,113247,113488,113678,113902,114639,115608,116947,118204,119778,119977,120913,120387,119425,119289,119517,120117,121544,123857,126206,128470,130260
49,23767,24932,26070,27618,30159,32892,34864,37114,39989,43573,47036,51146,54227,56739,59020,61729,65183,68170,71265,74829,77360
50,82888,85471,86413,88253,90079,91514,92469,93325,94410,95647,97202,96923,96775,97744,98437,99305,100640,102569,104211,105901,107255
51,36066,35798,35520,35330,35334,35714,36250,36540,36618,36768,36966,37158,37228,37081,37215,37453,38041,39018,40026,40909,41504
52,55440,55237,54518,54419,54082,54122,53743,52273,51760,51533,50997,50756,50141,49835,49819,50101,50783,51864,52658,53385,53702
53,95100,96072,97219,100139,105655,109997,114710,120128,125112,128581,133173,140713,149413,156949,163192,168970,173898,178028,182224,185955,188578
54,117727,118656,118819,120136,121653,122983,122476,121625,121083,120939,120374,120428,120564,120721,121068,122346,123935,125613,127448,128821,130352
55,117613,118310,118864,119519,120663,122696,123303,123338,123819,123871,124456,124390,124252,124088,124596,125346,128229,131136,133975,136006,137792
56,140399,140336,139185,139099,140342,141993,143867,144458,144788,146612,148537,148973,149484,149554,150591,152634,155936,159017,161867,164088,166605
57,121457,121536,121096,121316,122709,124781,125378,124845,124279,123295,123606,122833,121789,121159,121618,122653,124759,127715,129827,131396,132428
58,101207,101082,100430,100137,101039,102303,104486,105238,106201,108087,110098,110568,110944,111637,112544,113360,115047,117137,119291,121128,122584
59,110287,110274,109512,109272,110117,111042,112121,112544,113494,113887,115196,115588,116861,117879,119057,120232,122555,125718,128229,129628,130075
60,54870,54824,54562,54597,54959,55441,56221,57061,58350,59995,61230,61995,62978,64221,65694,67046,68794,70846,73777,75964,78361
61,46493,46553,46136,46249,46581,46945,47462,48195,49019,49523,50146,50263,50661,50859,50914,51243,52095,53133,54115,54969,55642
62,126589,126497,125590,125128,125621,126817,127421,127402,127970,127584,128351,128827,129837,131184,132614,134479,137457,139746,142352,143582,144875
63,84752,84949,85092,85185,86274,87427,88082,88877,90160,91971,93463,95078,96110,97154,98241,99155,100679,101518,102994,104381,105785
64,65092,65648,66126,66415,67032,67669,68691,69455,70279,70722,71762,73304,74206,74615,74995,75250,76240,77520,78458,79289,79834
65,106833,106779,106297,105784,105124,105008,105217,105287,105797,106485,107270,107090,106839,106142,105175,104749,105825,108225,110718,112941,114902
66,78160,78643,78747,79948,81391,83037,83618,84004,84654,84964,85804,85894,86260,86842,87234,87906,89049,90512,92241,93552,94633
67,36427,36542,36586,37012,37174,37468,37520,37578,37746,37774,38428,38532,38575,38646,38627,39026,39775,39852,40938,41899,42818
68,53011,53311,53353,53664,53978,54506,55080,55436,55356,55572,56045,56077,55837,55610,55943,56252,56680,57137,58672,59577,60455
69,129784,129429,128718,128695,129020,130093,130687,131348,132445,133963,135343,135561,135796,136182,137171,138322,140629,142853,144890,146774,148423
70,17937,19552,20954,22738,25237,27069,29233,31826,34509,36917,39523,41410,42703,43390,44621,45397,47163,48910,50710,52239,53784
71,143773,145558,146485,147066,147651,148586,148908,149036,149393,149772,150579,150382,149845,148810,148378,147738,148539,149652,151281,151752,152421
72,26665,27310,27898,28546,29182,29861,30299,31025,31589,32352,33097,33429,33973,34365,34702,35080,35463,36018,36563,36997,37546
73,72652,73050,73220,73462,73661,74135,74610,74978,75423,75759,76385,76713,76796,76262,75818,75446,75953,76990,77802,78025,78302
74,102113,104804,107417,109273,110851,112232,114378,116222,117628,119664,121946,122677,122691,121990,122274,122550,123460,125372,126803,127621,128837
75,30600,31741,32612,33008,33419,33961,34246,34387,34721,35265,35728,35750,35723,35564,35407,35366,35711,36249,36551,36782,36943
76,52549,53497,53553,53520,53450,53592,53444,53155,53008,53014,53077,52781,52527,52126,52130,52007,52443,53032,53545,53664,53908
77,50313,50708,51041,51689,52656,53595,54384,55264,56308,57288,59010,60741,62093,64014,66615,68518,70951,73338,75638,77366,78502
78,55139,55120,55076,55313,55048,55173,55444,55716,56118,56563,57222,56890,56748,56958,57278,57289,58184,59156,60311,61218,62158
79,120903,121151,120987,120850,120826,121189,121252,121509,121714,122896,123819,123442,123416,123785,125335,127360,130241,133731,136694,139624,142224
80,98346,98871,98823,99686,100563,101405,102195,102931,104400,105924,107468,108451,109657,110883,112279,114515,117428,121022,125055,128420,131002
81,40353,40358,40233,40098,39967,40037,40466,40749,41108,41595,42302,42039,42026,42367,42501,42705,43034,43469,44100,44546,44949
82,110386,110668,110721,110890,110906,111522,112292,112154,113428,114166,115210,115483,115774,116097,116591,117344,119618,121726,123151,124783,126401
83,39003,41428,43822,46085,49031,52045,56438,59939,63784,67483,71602,73731,74761,75564,76275,77373,78102,79152,80593,81866,83523
84,169132,171115,172532,173630,174269,175918,176155,176282,175551,176183,176933,176301,175707,174687,175021,175086,176685,179384,181927,183195,183960
85,65417,67200,68872,70617,72616,74994,77642,80605,83420,86952,90280,92169,93133,94072,95317,96624,98866,102389,105365,107265,109099
86,96369,96650,96964,96969,97126,97490,98288,99698,100785,101444,102827,103382,103498,103388,103719,103884,104831,106569,108172,109069,109508
87,97837,99130,100344,101680,102784,104389,105912,106625,107032,107799,109074,109054,108706,107958,107241,106827,107708,109163,110263,110399,110129
88,79899,80297,80199,80068,80017,80353,80652,81165,82168,83072,84091,85032,86053,86636,87571,88513,89809,91551,93387,95409,97289
89,24867,25096,25162,25242,25267,25349,25406,25499,25598,25750,25918,25828,25789,25870,25768,25803,25929,26261,26705,27030,27252
90,23791,23978,24079,24111,24175,24248,24153,24039,23973,23933,23952,23945,23887,23756,23731,23735,23792,23854,24060,24138,24115
91,69583,70290,70600,70882,71083,71356,71996,72796,73711,75152,76312,77236,78372,79091,79666,80804,82163,83313,84600,85978,87340
92,37058,37807,38221,38671,38924,39197,39269,39329,39482,39608,39809,40126,40506,40910,41249,41555,42019,42569,43183,43587,44050
93,13351,13225,13003,12782,12547,12477,12397,12234,12168,12019,11933,11884,11815,11717,11666,11586,11537,11486,11458,11402,11303
94,10599,10850,11000,11161,11326,11494,11655,11803,12214,12702,13098,13269,13595,14034,14421,14676,15000,15425,15919,16355,16825
95,154133,154851,154554,154002,153993,154225,154039,154676,156334,157900,159583,161788,163517,164690,165773,167158,168749,170736,172880,175211,177588
96,41801,42960,43721,44514,45343,46085,46700,47359,48027,49186,50288,51680,52381,52934,53600,54221,55707,57254,58932,60525,62167
97,44870,44857,44655,44448,44344,44285,44647,45061,45447,45881,46428,46638,47169,47532,47917,48196,48830,49165,49522,50064,50519
98,43574,43601,43491,43377,43334,43308,43356,43439,43494,43491,43571,43680,43735,43814,43943,44157,44300,44476,44654,44795,44837
99,57612,58300,58768,58850,59255,59495,59967,60316,60834,61501,62110,62680,63193,63673,63764,63752,63881,64168,64699,65319,65979
100,33796,34085,34131,34354,34392,34445,34623,34851,35140,35546,35933,36158,36460,36817,37236,37917,38660,39505,40674,42214,43506
101,37285,37836,38295,38683,38962,39175,39406,39459,39356,39127,39017,39272,39480,39925,40289,40701,41124,41547,42025,42504,42934
102,46811,46929,46912,46934,46945,47024,47491,48138,48988,50198,51155,51549,52076,52439,52993,53212,53902,54720,55611,56834,57943
103,74900,74512,73339,72192,71315,70509,70331,70239,69894,69520,69435,69550,69613,69673,69852,70392,70853,71519,72123,72906,73609
104,42776,42652,42389,42044,41650,41324,41231,41123,40994,40801,40661,40511,40382,40332,40388,40525,40742,41043,41385,41684,41960
105,74487,74336,73910,73382,73437,73615,73490,72900,72730,72149,72096,72611,73017,73739,74719,75763,77238,78950,80795,81901,82911
106,46359,46212,45880,45630,45797,46010,46192,46130,46129,46063,46091,46252,46404,46661,47042,47693,48537,49432,50262,50753,50971
107,55594,55443,55172,55331,55865,56903,56902,56850,56830,57028,57155,57290,57365,57672,58160,58818,59806,60984,62220,63012,63695
108,39474,39558,39869,40777,42147,44291,46445,47830,49942,52687,55399,60592,66149,71532,76197,80154,85141,89792,94330,97578,100228
109,71331,71776,72261,72935,74247,75562,75897,76221,76966,78185,80054,82220,84170,86017,87831,89641,91490,93174,95272,96375,97276
110,48796,48911,48916,49064,49552,50138,50575,50583,50650,51085,51460,52215,52625,53281,53923,54628,55344,56263,57114,57518,57585
111,64542,64652,64998,65751,66535,67448,67996,68078,68338,68680,69294,70232,70956,71645,72542,73648,75128,76599,78033,79093,79685
112,150425,150665,150176,149946,151355,152796,153552,153946,154342,154902,156246,156886,157298,157885,158727,159605,161308,163408,165284,166326,167062
113,89188,88931,88263,87124,86181,86015,86051,86216,86507,87060,87398,87609,87550,87465,87450,87618,88330,89027,89732,89985,90211
114,87615,87439,87013,86541,86438,86519,87011,88056,88976,89535,90188,90326,90563,90936,91640,92714,94168,95944,97754,98646,98972
115,85939,85751,85094,84952,85137,85768,86119,86260,86625,87308,88262,88717,89088,89394,89873,90807,92041,93535,94850,95594,96119
116,123216,123217,123372,123627,124331,125688,126272,126557,126986,127681,128728,129579,130256,131606,133121,135238,137569,140153,142879,144000,144536
117,90453,90800,91027,91204,91790,92708,93686,95171,96506,97759,98576,100063,101301,102335,103402,104721,106758,108683,111438,112546,113283
118,37306,37333,37331,37402,37583,37812,37803,37712,37727,37833,37964,38155,38409,38780,38970,39428,39884,40578,41072,41210,41268
119,119184,118817,117900,116830,116610,117234,117696,118101,118088,117914,117967,117559,117313,116661,117149,117963,119362,120580,122248,122780,122983
120,81821,81391,80687,79962,79960,80524,80668,80557,80462,80536,80976,81107,81307,82074,83256,84606,86211,88093,90027,91027,91971
121,55881,57112,58229,59040,59833,60568,61159,61934,62725,63478,64121,64238,64239,64532,65029,65547,65881,66431,66352,66464,66387
122,102687,104884,106654,107962,109397,111590,113687,116673,119585,122040,125306,128050,131257,133298,135937,138821,143524,149384,156713,164352,172989
123,58332,57920,57389,57215,57104,57023,56822,56924,56871,56908,56978,56646,56219,55933,55736,55836,55971,56378,56831,57074,57131
124,18736,19087,19492,19815,20029,20424,21125,21760,22311,22800,23467,23655,23938,24367,24716,25028,25367,25840,26529,26976,27402
125,64102,63536,62657,61805,61412,61434,61708,61840,62092,62151,62672,62728,62772,63069,63421,64269,65617,66769,68597,69697,70554
126,23435,24389,25445,26215,27027,27708,28466,28423,28907,29516,30508,31032,32047,33090,33930,34721,35426,36224,37089,37649,38012
127,85501,87621,89930,91446,92969,94054,96112,98281,100390,102715,106571,109206,111891,114421,117104,120003,123459,127112,131355,134856,138183
128,130702,131814,132595,133966,134464,136078,137622,139752,142104,144397,146562,147997,149001,148993,149303,150313,151421,152623,154215,154729,154666
129,21020,21459,21831,22089,22626,23308,23686,24210,24903,25229,25724,25848,25968,25991,26212,26403,26489,26615,26689,26703,26654
130,93190,93959,94560,94597,94902,95417,95890,96702,97686,98466,99296,99546,99782,100025,100537,101013,102140,103631,105605,106263,106880
131,58548,58217,57604,56778,56340,56219,56273,56361,56456,56595,56673,56640,56523,56547,56602,57025,57721,58161,58844,59089,59310
132,136039,136159,136036,135355,135537,136086,136619,137337,138522,139927,140972,141647,141939,141911,142066,142648,143686,145088,146869,147670,148055
133,38123,39024,39865,40489,41206,41923,42559,43573,44801,45836,46967,47983,50148,52949,55254,58058,60534,63838,68095,72033,75999
134,71538,75995,79884,82879,85527,87906,90569,93759,97240,100378,104094,107294,110408,113071,115396,117092,119819,122825,125798,127824,128866
135,45893,48172,50700,53869,57578,60120,62339,65338,68189,72587,76350,81620,88244,93575,98425,103348,108677,114704,120880,126647,132416
136,169552,169571,168509,167418,166879,167057,166472,165148,163941,162982,162211,161489,160950,161079,161743,163737,166589,170018,173352,175073,177188
137,160589,159198,157090,154740,153714,153341,153214,153622,153954,154781,155753,156048,156384,156926,158313,160246,162100,164068,166933,168246,169961
138,133845,135968,138186,140103,142403,145046,147496,150951,153768,155757,157872,159242,160274,161873,163749,165294,168168,171761,176630,180217,182862
139,69110,69378,69876,70489,71254,72555,73674,75203,76443,77429,78274,78687,78857,78632,78972,79493,80488,81254,82291,82640,82754
140,62593,62591,61802,61209,60851,60905,60946,60603,60438,60711,60848,61557,62516,63168,64137,65518,67666,69902,71872,73613,75154
141,45538,46694,47631,48734,49905,51294,52585,54180,56975,60683,65112,69984,75774,81195,87686,94263,100671,107203,114803,122301,128226
142,69085,71822,74320,76105,78228,80406,82319,84082,86247,88560,91184,94770,100026,105825,112813,119574,128109,137322,147881,159803,171340
143,104536,106071,106664,106910,107542,108435,109142,109475,110351,111757,113306,114262,115483,117124,118530,120148,122182,124689,127252,129052,130350
144,110402,111903,112785,113830,115189,116984,119249,121667,124583,127989,131574,133997,135620,136674,137759,139317,141740,144403,147002,148542,149271
145,66761,66603,65913,65166,64388,63784,63336,62991,62765,62352,61983,61740,61301,60892,60586,60351,60212,60182,60372,60298,60029
146,44532,44965,45030,45253,45395,45731,46253,46915,47561,48206,48865,49405,49534,49677,49981,50540,50855,51140,51373,51625,51822
147,43299,43252,42863,42402,41755,41288,40981,40681,40336,40089,40118,40019,39827,39575,39427,39320,39040,38817,38717,38296,37783
148,33986,34305,34405,34554,34770,34885,35073,35292,35547,35752,36030,36237,36377,36377,36732,36899,36965,37064,37133,37140,37057
149,25095,25360,25319,25430,25538,25822,25895,26009,26120,26260,26404,26437,26583,26684,26969,27477,27703,27968,28140,28331,28406
150,51866,52444,52801,53203,53610,53845,54218,54685,55219,56269,57005,57441,57803,57686,57624,57958,58535,59308,60289,61062,61539
151,40656,40360,39691,39079,38601,38344,38174,37894,37589,37278,37043,37025,37016,36969,37031,37019,37025,37031,36965,36763,36478
152,82765,83026,82622,82071,81850,82024,81960,82011,82217,82395,82624,83065,83314,83495,83697,84039,84430,84835,85341,85774,86121
153,51976,53969,55752,57704,59524,61009,62146,62912,64079,65626,67254,68679,69707,70105,70404,70568,70868,71308,71849,72104,72612
154,36296,38523,40783,42440,44205,46385,48040,49624,51431,53318,55390,57165,60445,63174,65606,67600,70349,73312,76003,77434,79174
155,43705,43950,44233,44618,45434,46518,47159,47877,48426,49627,51802,53530,54841,56365,57521,58747,60620,62515,64626,65906,67253
156,23770,24371,25287,26547,27660,28462,29098,30033,30703,31733,32667,33266,33780,34331,35090,35551,36225,36909,38195,38797,39204
157,61688,60965,60352,59830,59620,59874,59911,59969,59910,60142,60859,61368,61579,61947,62447,62785,63776,64991,66404,67408,68546
158,27343,27322,27473,27371,27559,28120,28574,28708,28718,29079,29590,30113,30251,30390,30592,31055,31935,33129,34271,35167,35960
159,40369,40521,40942,41708,42203,42845,43417,44378,45513,45832,46411,47511,48151,48451,49212,49829,50833,52158,53139,53899,54772
160,34839,34663,34877,35487,36261,37379,38408,39158,40075,41379,42190,43046,43486,43772,44274,45093,46083,47171,47904,48428,49010
161,55900,55874,55592,55637,55741,56095,56068,56195,56250,56637,57293,58267,59202,60003,61304,62287,63334,64769,66387,67435,68651
162,51125,51528,52668,53497,54389,55166,55784,56419,57007,57474,58493,59507,60356,61230,62353,63316,64410,65403,66739,67532,68624
163,33451,33243,32858,32573,32470,32726,32732,32802,32928,33051,33332,33757,34021,34284,34853,35457,35747,36329,37116,37592,38156
164,22275,22896,23494,24548,26135,27934,29581,31438,33201,34523,36140,37858,39992,42240,43739,45981,48619,51027,53605,54876,55885
165,30614,31001,31516,31932,32430,33119,34654,36030,37707,39475,41010,42172,42927,43503,44104,44843,45349,46188,47011,47512,48446
166,23107,23680,24597,25248,26135,26627,27010,28065,28820,29388,30047,30813,31367,31999,32366,32839,33127,33296,33445,33448,33385
167,31573,32282,33044,33577,33926,34472,35088,35728,36195,36815,37492,38563,39376,40091,40855,41706,42650,43537,44590,45176,45527
168,40130,40404,40403,40557,40913,41276,41307,41622,41853,41944,42207,43075,43941,44776,45425,46489,47227,48095,49000,49523,49900
169,38361,38732,39239,39538,40104,40754,40882,41082,41215,41610,42089,43262,44260,44931,45270,45633,46508,47291,48106,48829,49293
170,31570,31367,30909,30978,31982,32946,33798,34648,35943,37573,39013,41411,45840,48610,51270,53950,56323,57761,59197,59880,61392
171,28923,28708,28543,28514,28662,28970,29259,29680,30198,30677,30983,31652,32566,33458,34404,35143,36356,37395,38289,38893,39575
172,59251,59010,58977,59032,59659,60442,60565,60942,61708,62216,63290,65080,66715,68607,69678,71882,73436,75092,76678,77706,79069
173,44525,44418,44335,44466,44726,45589,45924,46159,46275,46543,47397,48532,49697,50448,51588,52636,53448,54465,55379,56076,56714
174,24427,25939,27686,29392,30962,31968,32578,33200,33801,34202,34441,35114,36403,37777,39192,40929,42586,44360,46366,47821,48946
175,62634,64042,66432,68852,71975,74830,75874,76629,76936,77206,77296,78577,80326,82060,84475,87274,89914,93312,95921,97507,98559
176,32117,32553,33301,33837,33952,34414,34712,34881,35023,35423,35408,35300,35318,35257,35203,34711,34955,35001,34971,34921,34718
177,7442,7803,8053,8477,8912,9304,9775,10002,10053,10003,10224,10404,10490,10420,10362,10487,10703,10921,11040,11066,11138
178,31726,32312,32924,33209,33536,34067,34173,34348,34272,34348,34473,34876,35249,35491,35848,36362,37103,37972,38625,39053,39420
179,43209,43111,42814,42017,41080,40555,40599,40810,40995,41252,41698,41665,41584,41386,41299,41480,41935,42643,43192,43820,44502
180,37579,37810,37839,37672,37206,36948,36993,37067,37200,37718,38228,38332,38278,38461,38778,39019,39337,39846,40446,40818,41409
181,33398,33811,34172,34317,34127,33961,34077,34224,34360,34686,34893,35279,35548,35747,36116,36611,37243,37860,38535,38930,39349
182,26480,27145,27262,26953,26953,26934,26787,26507,26150,25736,25595,26041,26506,27084,27576,28151,28498,29006,29648,30039,30517
183,55643,56097,57000,57674,58148,58953,59461,59889,60149,60446,61013,61920,62996,64476,65500,67077,68470,70305,71987,72552,74273
184,89668,90519,92287,93742,94272,94993,95329,95765,96074,95927,96343,97397,98779,100579,101940,103747,105824,107679,109922,111099,112333
185,46663,47241,48106,48578,49238,49679,51029,51839,52661,53596,55021,56007,56560,56979,57082,57709,58461,58826,59837,60527,60897
186,37339,38299,39045,40191,41320,42048,43040,43756,44673,45649,46644,47992,49089,49514,49866,50359,50839,50944,51266,51650,52239
187,36376,38315,40099,41732,43345,44477,45707,47223,48976,50760,52268,53837,55190,56153,56747,57566,58443,59430,60640,61451,62272
188,10201,10765,11308,11677,12026,12294,12621,13003,13299,13707,14088,14509,15291,15762,16198,16487,16929,17087,17447,17669,17713
189,10780,11741,13173,14280,15581,16504,18151,19959,21317,22424,23936,24622,25681,26494,27030,27867,29091,29957,30762,31559,32161
190,29730,32047,33976,35647,37626,39129,40531,41382,42450,43788,45036,47469,50621,52841,54629,56570,58655,60534,62423,63879,64885
191,21053,22984,24982,27232,30694,33205,35391,37302,40328,43353,45959,49361,52963,56575,62121,67194,74759,82404,88642,92982,97116
192,9876,11986,14259,16712,20115,22011,23653,25188,26314,28117,29690,32574,35706,38862,40908,42313,44277,45437,46207,46511,47200
193,34524,35733,37143,39411,41637,43091,44123,44876,45403,45951,46673,47752,48415,49262,50095,51573,52550,53693,55278,56449,56993
194,24220,24385,24460,24938,25762,26598,27411,28316,29152,30053,30862,31354,32597,33518,34257,34935,35814,36287,36631,36953,37290
195,36713,36977,38240,40376,42030,43568,44547,46112,48004,49824,51476,53282,55638,57682,58542,59318,60618,62034,63380,64801,66190
196,39774,40635,42142,43491,44640,45715,46105,46539,46961,47204,47490,47888,48597,49281,50769,52096,53092,54352,56098,57484,58452
197,76864,77488,78400,79114,79554,80021,80321,80304,79998,80228,80660,81786,83043,84443,86051,87703,89399,91667,94430,96323,97916
198,30517,31039,32223,33544,34552,35044,35463,35803,36267,36916,37562,38778,40203,42437,46199,49298,53664,57544,61848,65176,68494
199,9583,9664,9780,9807,9874,9952,9944,9930,9917,9935,9977,10205,10449,10741,11063,11314,11566,11807,12223,12512,12705
200,24449,25581,26244,26734,27910,28695,29124,29216,29773,30399,30985,31688,32464,33227,34082,34908,35405,36226,37205,38150,38971
201,43408,46434,49500,52459,55471,57203,58329,58710,59307,60341,61411,62466,63612,64805,65663,67512,69292,71088,72819,73812,75125
202,15690,17083,18430,19505,20546,21411,22164,22814,23438,24317,25159,26689,28046,29672,31062,32002,33363,34804,36285,37251,38333
203,33379,34479,36211,38274,40269,41481,42667,43316,44279,45142,45987,47153,47930,48888,49853,50742,51884,53113,54688,55877,56955
204,76972,76108,75191,74352,73451,73301,72678,71935,71106,70912,70809,71519,72024,72569,73245,73952,74466,75397,76375,77099,78090
205,35891,35647,35358,34566,33734,33428,33035,32357,31514,30883,30340,30930,31463,31745,32339,33046,33824,34585,35365,35860,36427
206,76473,78261,79626,81327,82930,85105,86024,86719,87548,88379,89337,91554,93642,96285,99901,103567,106026,108644,111455,113669,115960
207,11429,11662,12111,12520,13122,13819,14159,14507,14730,14901,15225,15656,16078,16463,17052,17581,17953,18384,18710,18938,19177
208,15988,16778,17824,18864,19762,20733,21479,22347,22873,23537,23913,24716,25401,26170,26782,27689,28621,29531,30395,31005,31455
209,25341,27468,30539,33232,35345,36732,37782,38849,39668,40393,40823,41659,43066,44946,46475,47819,50054,52751,55673,58507,60759
210,7545,7613,7791,7990,8216,8498,8680,8816,9233,9492,9627,9805,9879,10097,10307,10640,10675,10881,11256,11495,11684
211,25674,27898,30830,33401,35731,37396,38941,40082,40967,41853,42620,44047,45981,48882,51542,53155,55178,57106,58541,59766,60371
212,48631,48938,48897,48797,48714,48959,48760,48428,48419,48582,49287,49976,50754,51122,51704,52294,53594,54932,56220,57221,58001
213,43904,45913,47384,49150,51090,52666,54577,56672,58809,60928,63265,65768,68947,70602,72640,74374,76695,78478,80711,82127,83276
214,15285,16342,17131,17788,18657,19654,20429,21335,22350,22933,24223,25903,27995,30644,32967,34926,38593,42369,46216,49617,52849
215,31265,31749,31877,32059,32338,32559,32691,32709,32685,33065,33333,33775,34121,34573,34909,35133,35525,35983,36183,36504,36662
216,24625,24915,25198,25416,25636,25983,26264,26578,27002,27528,28022,28277,28379,28546,28724,28862,29598,30182,30687,31147,31624
217,36648,36326,35867,35201,34383,34084,33886,33703,33474,33536,33625,32993,32564,32137,32107,32049,32606,33436,33764,34124,34541
218,24958,24568,24169,23613,22912,22521,22332,22190,22093,22006,21974,21733,21235,20862,20586,20171,20047,20080,20170,20304,20466
219,15497,17452,19506,21758,23957,25575,27032,29213,30800,31926,33457,35217,37635,39554,41112,42207,43360,44615,45781,46702,47411
220,36614,38171,39828,41768,43314,44132,45495,46757,48217,49676,50984,52992,56107,58864,60993,62958,65127,67536,69909,71439,72539
221,31138,32587,34258,35743,36938,37781,38860,39803,40785,42067,43076,44226,45376,46957,48021,49229,50243,51258,52070,52718,53377
222,34823,36158,37906,39572,41033,42523,43991,44993,45706,46839,47850,49184,50646,52134,53062,54256,55384,56769,58133,59082,59871
223,17097,18495,19713,21519,23377,24893,25950,26979,27946,28846,29788,30897,31781,32307,32882,33392,34235,35337,36278,36892,37338
224,26133,27870,29614,31030,32525,33803,34713,35353,36024,36620,37272,38149,39449,40510,41733,42694,43555,44885,46191,46990,47743
225,110974,112545,114601,115860,116258,117283,118297,119341,120488,121660,122996,124833,126712,128888,131775,133932,135936,138302,141055,142902,144258
226,47262,47122,46901,46572,46227,46290,46028,45701,45297,44907,44571,44260,43956,43478,43199,43023,43434,43799,44125,44277,44492
227,121827,123536,126425,128336,129973,131246,132341,133932,136436,139392,142047,145150,147999,151208,155367,159519,163542,168544,173119,176591,180186
228,62139,63319,65031,66752,68279,69721,70595,71257,71761,72314,72867,73971,74997,76450,78300,80165,81785,83767,85304,86296,86895
229,41222,41785,42598,43166,43247,43448,43615,43576,43541,43460,43850,44141,44425,44808,45217,45910,46327,46956,47803,48225,48609
230,32443,33357,34454,35490,35959,36507,37015,37490,37787,37622,37996,38506,39339,40394,41599,42536,43558,44623,45699,46294,46774
231,23758,25721,28174,30467,32138,33317,34019,34736,35167,36040,36809,37807,39807,42196,44252,46360,48497,50475,52306,53452,54106
232,33142,33449,34018,34611,35083,35474,35665,35747,35825,35848,36038,36535,37291,37990,38841,39849,40688,41620,42582,43238,43618
233,11322,11475,11747,11965,12431,12779,12727,12670,12726,12873,13211,13857,14533,15613,16573,17479,18549,19217,19914,20525,20920
234,54900,55330,56198,57252,58040,58544,59159,59717,60450,61219,61883,62739,63604,64454,65414,66195,66839,67647,68428,69251,69704
235,40200,40095,40011,40096,40275,40649,40957,41459,41915,42117,42403,42609,42730,42998,43272,43414,43549,43678,43969,44091,44092
236,45881,45966,45808,45790,45802,45923,46075,46211,46476,46688,46874,47028,47166,47232,47417,47746,48241,48728,49430,49893,50136
237,33374,33289,33324,33502,33439,33704,33729,33488,33350,33380,33546,33915,34125,34389,34621,34967,35315,35594,35868,36190,36291
238,26225,26115,25972,25689,25814,25955,25977,25961,26032,26077,26101,26327,26533,26695,26832,27138,27418,27670,27893,28012,27998
239,36837,36631,36500,36227,35967,36334,36448,36548,36493,36324,36405,36491,36668,36658,36805,37211,37512,37821,38113,38331,38374
240,20383,21170,21795,22467,22903,23309,24036,24511,24815,25332,25820,26538,27252,27867,28633,29389,30338,30900,31636,32056,32264
241,63048,63600,63781,64222,64805,65214,65784,66898,67403,68147,68692,69239,69797,70308,71163,72128,73402,75261,77242,79357,81460
242,51918,51977,51497,50921,50688,50196,50584,51307,51629,52037,52352,52976,53828,54279,55031,56385,58050,59380,60595,61893,62923
243,107604,108103,108128,109297,109854,110103,110753,111406,111773,112513,112801,113789,115031,116401,118205,119839,122368,124834,127448,129750,131401
244,83121,84774,86419,88409,89948,90961,91498,92449,93525,94295,94873,94975,95015,94666,94434,94449,94413,94515,94611,94595,94259
245,30940,30818,30730,30615,30526,30653,30832,30940,31476,31739,31952,31922,32136,32221,32497,32850,33275,33819,34104,34364,34524
246,78782,79121,79147,78905,78495,78539,78475,78720,79227,79681,79930,80283,80590,80918,81288,81952,82945,83886,85262,86485,87102
247,62318,62540,61799,61129,60471,60148,60268,60351,60550,60671,60827,61085,61509,61669,61948,62339,62683,62903,63341,63583,63717
248,133465,137938,140773,142884,144457,145197,146530,147781,149073,150406,151302,151861,152218,152452,153223,154581,156175,158124,160605,162871,164674
249,101967,101389,100607,100051,99498,99576,99954,100136,100257,100316,100304,100237,100092,100103,100140,100659,101214,102025,103574,104803,105807
250,56168,55823,55334,54849,54537,54536,54559,54596,54438,54223,53959,53995,54068,54010,53991,53974,54567,55549,56515,57467,58430
251,55072,54822,54298,54052,53789,53917,54173,54340,54819,54688,54771,55115,55355,55608,55858,56548,57357,57972,58806,59580,60015
252,27038,27598,27773,28019,28331,28538,28758,29086,29215,29381,29681,29985,30462,30987,31432,31746,32119,32434,32796,33345,33715
253,22144,22214,22269,22230,22110,22016,22039,21827,21797,21801,21769,21902,21761,21750,21744,21772,21856,21951,22067,22235,22358
254,30827,30782,30766,30431,29931,29529,29366,29105,28830,28599,28324,28286,28212,28088,28034,28089,28149,28040,27932,27861,27690
255,21852,22001,22279,22214,22200,22090,22146,22232,22274,22384,22481,22544,22696,22799,23006,23148,23471,23773,24122,24292,24352
256,59693,59686,59102,58668,57842,57372,57092,56769,56598,56253,56054,56190,56237,56320,56257,56478,56799,57021,57297,57570,57707
257,31308,31058,30633,30404,29915,29336,29051,29325,29520,29579,29373,28314,28283,27997,27714,27761,28128,28532,28761,29008,29169
258,29229,29711,30614,31329,32293,33352,34084,34929,35689,36339,37212,38289,39223,40375,41334,42152,43295,44463,45454,46544,47274
259,62855,63134,63163,63186,62776,62592,62590,62447,62520,62328,62332,62698,63019,63096,63544,63630,63886,64069,64224,64542,64375
260,67828,68282,68165,68286,68203,68017,68014,68061,68064,68113,68229,68378,68256,68236,68394,68510,68706,68859,68895,68828,68883
261,20754,21611,22410,23620,25113,26462,27814,29289,30700,32053,33362,34236,34854,35486,36881,37716,38339,39842,41283,42562,43703
262,64220,64574,65578,66387,67266,68763,70378,72147,74276,76449,77974,78347,78892,80421,83255,86076,87158,89892,92896,95168,97480
263,21395,21385,21410,21303,21406,21654,21774,21788,22049,22083,22138,22079,21768,21531,21587,21648,21596,21761,22041,22143,22267
264,37336,39600,41782,44259,46950,49308,51587,53634,54823,57063,59145,60070,62721,65749,68262,70623,73439,77689,81585,83762,87424
265,63517,63645,63497,63562,63766,64161,64305,64311,64469,64713,65120,65308,65431,65514,65656,65814,66219,66981,67713,68038,68762
266,68217,68789,69040,69232,69724,70570,71293,71745,72592,73324,74260,76038,77674,79510,81840,84072,87044,90651,94540,96668,99212
267,71180,71323,70878,70593,70379,70634,70191,70346,70890,71391,71830,71923,71841,71780,71564,72788,74248,76269,78080,79515,81245
268,34500,34970,35291,35625,36343,37067,37567,38007,38563,38705,39244,39494,39685,39779,40060,40186,40409,40762,41398,41789,42426
269,49208,51807,55211,59488,63184,66056,69296,72489,74887,76986,79983,82255,84494,86461,88451,91348,95300,99201,102900,105691,108713
270,128715,132357,136428,140992,145420,148248,150265,153002,154253,154966,156410,156820,157067,157218,156453,156570,157225,158175,159156,160053,162205
271,155969,155697,154935,154843,155406,156114,157237,157923,158295,159286,160616,161506,162864,164405,165698,167595,172623,177190,182320,185824,190621
272,46631,49489,53286,57670,61111,64944,69189,72697,76485,80553,84323,88442,93822,100185,107053,114943,125837,135840,145855,152746,160281
273,49196,50039,50798,51113,51526,51982,52050,52340,52252,52254,52391,52204,52049,52041,51795,52299,53735,55809,58508,61858,65395
274,49002,49211,48631,48785,49399,50204,50781,51287,52754,53338,53992,54593,54930,55466,56025,56987,59146,61603,64038,65662,67976
275,72692,73106,72955,73438,74319,75325,76310,77457,78674,79424,80528,81533,82283,82939,83336,84021,86360,88434,90521,92159,94210
276,72026,73052,73654,73725,74798,76482,77892,78594,80586,82232,83662,85337,87585,90120,92600,94958,98035,101907,105782,109250,112435
277,48503,48434,48274,48273,48259,48496,48585,48730,48488,48689,48743,49063,49419,49909,51052,51423,52560,53540,54487,55572,56492
278,8261,8479,8830,9291,9783,10232,10470,10704,11089,11444,11775,11975,12259,12491,12958,13294,14126,15263,16542,17256,18549
279,35400,35633,35449,35571,35875,36437,36637,36839,37150,37340,37604,38376,39003,39532,40099,40599,41289,42231,43006,43065,43694
280,51209,52089,52636,53630,55181,57235,58542,60176,62447,64799,66756,68381,69441,71364,73212,75320,79007,82434,86495,89203,92615
281,30634,30765,30679,30813,30983,31358,31688,31960,32268,32458,32720,33103,33247,33205,33181,33324,33819,34398,34965,35346,36218
282,17833,18283,18784,19355,19867,20142,20542,20917,21277,21622,21807,22045,22403,22593,23053,23986,24960,26482,28047,29132,30697
283,91885,93774,94545,94928,95513,96779,97430,98238,99072,99491,100267,100268,100080,99803,99693,99729,100851,101495,102765,103621,104982
284,44201,46981,51121,54650,58872,61581,64850,67391,69756,72037,74185,75802,77718,80168,82936,87033,92235,96506,100639,104922,109415
285,12524,12760,13063,13329,13675,13902,14151,14394,14652,14819,14905,15016,15189,15303,15467,15710,15738,15831,15900,15965,16069
286,10289,10057,9853,9792,9774,9680,9768,9925,10050,10205,10348,10247,10122,9832,9634,9469,9347,9380,9434,9507,9674
287,40134,40289,40296,41231,42293,43089,43266,42777,42034,41250,40443,40117,40199,39623,39238,39205,39669,40745,41736,42505,43356
288,23375,23319,23501,24439,25272,25919,26961,28431,30060,31472,32756,33230,33026,33330,33637,34062,34504,35257,35803,36227,36791
289,47589,48150,48510,48753,49317,49889,50389,50681,50524,50247,50680,50692,50607,50530,50895,51443,51538,52779,53927,54473,55311
290,46550,45733,43761,42438,41305,40814,41225,41419,40959,40240,39618,41235,43191,45092,47005,49413,51165,53670,56578,58912,61777
291,48815,49058,49385,49476,49971,50559,51426,52105,52780,53237,53789,54062,54309,54369,54824,55289,55271,55748,56411,56711,57237
292,51104,51024,51249,51339,51678,51930,52500,52906,53265,53630,53783,53667,53546,53063,53050,52925,52707,53164,53924,54332,54846
293,23203,23061,23002,22706,22338,22190,21982,21791,21517,21293,21117,21048,21022,20730,20757,20713,20640,20771,20975,21208,21331
294,12266,12636,12670,13005,13210,13267,13125,13123,13225,13340,13392,13493,13697,14120,14517,14810,15091,15419,15774,16135,16252
295,47665,47714,47909,47807,47790,47807,47694,47474,47388,47385,47399,47268,47410,47664,47915,48231,48485,48929,49547,50154,50586
296,50643,51097,51173,51313,51330,51335,51152,50842,50558,50371,50248,50095,50521,50656,50307,50436,50780,51189,51636,51941,52089
297,23249,23850,24461,24997,25438,25720,25921,26032,26175,26435,26678,26859,27370,27807,28283,28635,29140,29829,30509,31192,31737
298,47815,47812,47846,47509,47292,46992,46805,46819,46970,47146,47295,47505,48066,48578,49000,49053,49297,49585,50049,50408,50591
299,10010,10396,10847,11268,11698,12003,12195,12243,12302,12289,12391,12506,12724,12946,13266,13588,13856,14215,14570,14839,15018
300,74081,74665,74995,75444,75723,75919,75935,75679,75906,76080,76340,76649,77452,78256,78790,79186,79988,80804,81609,82292,82742
301,20535,20821,20898,21073,21315,21453,21487,21494,21504,21517,21595,21644,21783,22211,22358,22518,22621,22704,22771,22826,22880
302,36265,36566,36759,36848,36891,37041,36939,36841,36667,36547,36526,36649,37001,37205,37447,37580,37563,37686,37888,37990,38009
303,11734,11423,11378,11294,11225,11284,11177,11101,11092,11064,11041,11057,11139,11117,11192,11225,11305,11453,11610,11737,11802
304,14871,15180,15453,15763,15865,15951,16163,16180,16304,16446,16588,16638,16748,16999,17153,17290,17608,17908,18272,18583,18857
305,5873,6017,6142,6282,6329,6324,6339,6341,6344,6286,6269,6262,6300,6439,6580,6652,6705,6773,6833,6853,6836
306,50251,50120,49768,49517,49257,49041,48814,48463,48160,47982,47741,47580,47868,48154,48046,48550,48848,49323,49752,49971,50088
307,38960,39406,39605,39896,40215,40543,40580,40595,40619,40714,40806,40749,41254,41876,42224,42395,42861,43606,44424,44898,45190
308,22584,22276,22083,21483,20937,20925,20582,20203,19816,19521,19359,19198,19201,19150,19124,19153,19114,19145,19109,19028,18806
309,16185,16103,16255,16310,16607,16896,17200,17417,17737,18269,18469,18604,18888,19475,20450,21062,21768,22703,23712,24268,24776
310,53253,53362,53125,52959,53436,53761,53703,53109,52335,52258,52142,51648,51062,50865,51058,51271,52012,53029,54272,55050,55238
311,8880,9618,10446,11157,12157,13038,13801,14273,14704,15051,15344,15407,15410,15537,15800,16045,16998,17983,18808,19456,19802
312,8096,8751,9744,10998,12229,13552,15814,17596,19569,20834,22325,23020,23073,23334,24080,25083,26157,27495,28523,29055,29290
313,33519,34211,34806,35295,36001,36814,37588,38107,38833,39658,40207,40194,39960,39780,39710,39727,39898,40364,40918,41152,41023
314,5992,6255,6383,6463,6557,6665,6706,6586,6435,6259,6041,5955,5871,5858,5988,6110,6240,6395,6502,6555,6563
315,12275,12435,12623,12792,13116,13517,14022,14332,14508,14592,14731,14804,14875,15014,15301,15651,16056,16574,17218,17741,18099
316,11594,11633,11684,11807,11944,12235,12690,12988,13188,13368,13512,13663,13727,13942,14454,14872,15182,15527,15842,16077,16101
317,15699,16178,16642,17127,17555,18038,18231,18497,18703,18860,18972,18956,18859,18858,19064,19236,19437,19804,20232,20424,20400
318,89443,88685,87620,86181,85706,85987,85246,85049,85041,85577,86182,86942,87333,87018,87088,87291,89631,91064,92757,95023,95649
319,1815,1795,1789,1745,1652,1587,1561,1519,1474,1441,1399,1369,1346,1315,1245,1184,1196,1207,1388,1477,1549
320,39850,39696,39210,38961,38596,38617,38332,38033,37995,38242,38610,39466,40699,41766,42653,43831,45388,46572,47712,48739,49910
321,20955,20955,21156,21262,21481,21618,21911,21924,22101,22157,22300,22420,22444,22483,22993,23746,24231,24406,24664,24925,25176
322,74412,81051,85293,87886,89386,90507,90439,90387,90620,91058,91507,91299,91176,90558,90227,90030,90465,90525,90748,90481,89319
323,27118,26663,26038,25557,25047,24874,24472,24090,23969,23749,23726,23657,23004,22705,22710,22694,22927,23056,23230,23421,23354
324,33921,33967,33666,33311,33202,33192,32827,32673,32644,32627,32719,32861,32962,32832,33013,33226,33409,33570,33815,34068,34124
325,1448,1793,4720,7661,11120,13598,16102,18201,20707,22767,25478,26997,28772,30637,31847,33545,35781,38359,40868,44037,49316
