No.,Code,Name,2015,2020,2025,2030,2035
1,10102,Queanbeyan,58408.0,63758.31655269967,65987.88736691841,69924.12205034203,73802.6676501731
2,10103,Snowy Mountains,19649.0,20028.878495958634,20076.10986913125,20546.78574126413,20994.75790095104
3,10104,South Coast,71611.0,73866.61276460283,74693.01983536419,77189.65371362795,79601.33376572913
4,10105,Goulburn - Mulwaree,35853.0,37908.930999327684,38947.11746506533,40948.538391239505,42910.88188016172
5,10106,Young - Yass,36438.0,37220.151544346605,37694.95611528255,39021.22588892327,40304.79760862656
6,10201,Gosford,172780.0,178168.63316118086,180300.10486185853,186483.5318726899,192462.264733822
7,10202,Wyong,160484.0,167659.02802946846,171590.20760716498,179665.26833595612,187559.54155159157
8,10301,Bathurst,47018.0,49362.78257531792,50533.66711727013,52926.961817691816,55267.171316938926
9,10302,Lachlan Valley,56430.0,55839.48988002559,55384.19746902769,56077.5888456403,56712.18533956471
10,10303,Lithgow - Mudgee,47252.0,48144.32755053494,48888.68126702226,50756.542751949426,52569.621657032076
11,10304,Orange,58200.0,60342.01891303754,61562.3283431732,64240.2012154634,66851.20262851832
12,10401,Clarence Valley,51135.0,51427.815031254926,51459.73985642468,52564.28447820124,53611.03178688512
13,10402,Coffs Harbour,87090.0,91138.10420625102,92956.75051769515,96972.60695669503,100887.26944006744
14,10501,Bourke - Cobar - Coonamble,25271.0,23476.334043127023,22217.587714903173,21636.96562210357,21094.558611978104
15,10502,Broken Hill and Far West,20978.0,19655.027024132927,18701.282358213604,18292.42130856495,17905.77669335531
16,10503,Dubbo,70717.0,73292.7147008041,74099.10460387342,76560.45331611982,78937.4916315791
17,10601,Lower Hunter,88630.0,94717.68142406881,97717.64884285114,103196.67310585911,108584.27144759402
18,10602,Maitland,74149.0,84219.94730234925,89746.74834280247,98020.53946509164,106301.7349652621
19,10603,Port Stephens,72273.0,75631.34849501018,77187.7787229089,80575.75109528025,83880.1282757631
20,10604,Upper Hunter,30847.0,30532.179241213224,30531.77090916425,31165.001724893948,31764.042635676782
21,10701,Dapto - Port Kembla,77094.0,80224.64370284713,81361.71875571202,84353.34061439347,87253.2671799828
22,10703,Kiama - Shellharbour,91281.0,98156.1460483192,101355.57278126465,107140.32383511422,112831.90367770873
23,10704,Wollongong,131242.0,139562.1063086571,143226.61760382337,150409.43840411183,157446.32230083426
24,10801,Great Lakes,31570.0,32434.016125578964,32804.429810332505,33909.49440867364,34977.267087944274
25,10802,Kempsey - Nambucca,48950.0,49814.5812763736,50083.17198735204,51429.87392633601,52719.5151427793
26,10804,Port Macquarie,79022.0,85871.1061533573,88934.48935264132,94307.43657425535,99603.89493885964
27,10805,Taree - Gloucester,54319.0,56291.99239147107,57139.33943181856,59296.41021845494,61389.328810151645
28,10901,Albury,61752.0,65637.08636052275,67310.6104791372,70630.02512410184,73880.18490518449
29,10902,Lower Murray,12780.0,12777.701526135406,12652.938787320873,12793.773053148892,12921.450639208768
30,10903,Upper Murray exc. Albury,42529.0,43630.897415460095,43991.73412201063,45317.757809539566,46593.57219366905
31,11001,Armidale,37943.0,38267.43700222363,38399.033846617385,39346.47746604442,40250.352510007746
32,11002,Inverell - Tenterfield,38872.0,38557.661757196365,38303.98919643386,38835.614339882966,39325.97353747561
33,11003,Moree - Narrabri,26518.0,25727.289235077875,25224.049309061054,25292.44281668696,25341.048098013664
34,11004,Tamworth - Gunnedah,81730.0,83738.41355437144,84888.30906132318,87967.69390897483,90951.24450817544
35,11101,Lake Macquarie - East,122953.0,124611.71725163459,125171.18872802058,128408.95494469612,131504.34087316322
36,11102,Lake Macquarie - West,76093.0,80857.56036895099,83124.23712483508,87454.70270155165,91702.54273496021
37,11103,Newcastle,168059.0,177024.19502406186,181080.6843204809,189496.05103452812,197719.55952069515
38,11201,Richmond Valley - Coastal,80130.0,86105.6843302758,88706.75843468372,93538.90744672387,98285.87196867791
39,11202,Richmond Valley - Hinterland,71566.0,70811.4128558062,70278.49312086737,71196.43147303627,72039.27613068688
40,11203,Tweed Valley,92261.0,98381.99013378959,101138.66505822534,106406.19399200825,111573.17195320147
41,11301,Griffith - Murrumbidgee (West),49136.0,50005.79027251605,50262.14669958244,51598.55424747539,52877.72129623416
42,11302,Tumut - Tumbarumba,14680.0,14441.057028404532,14245.119343962528,14357.016447715892,14455.157097212743
43,11303,Wagga Wagga,94607.0,97459.70559295974,98595.71344319638,101943.12049771356,105178.50600534171
44,11401,Shoalhaven,100384.0,107029.70811507266,110181.38337651422,116091.76015733094,121894.98674596046
45,11402,Southern Highlands,48141.0,51695.65475054502,53258.2310814794,56160.45891058345,59011.55932271403
46,11501,Baulkham Hills,146731.0,156119.4692758653,160692.76871519134,169285.80423984968,177722.1818545169
47,11502,Dural - Wisemans Ferry,26875.0,27821.297909615787,28205.750380908536,29231.666928395458,30225.75113732615
48,11503,Hawkesbury,25118.0,25563.60907437515,25701.952281273767,26393.639867280526,27056.043848909638
49,11504,Rouse Hill - McGraths Hill,32462.0,47812.43819282302,54335.02204305642,63187.071794345175,72283.26979661126
50,11601,Blacktown,137027.0,144592.86838235307,148783.86843040842,156689.8729131083,164450.11678899886
51,11602,Blacktown - North,91458.0,122116.90624723952,136993.65224196087,157375.12561088818,178225.38287340628
52,11603,Mount Druitt,113693.0,118830.57781829004,122176.7144464268,128558.5089289158,134819.0864359981
53,11701,Botany,46244.0,56538.187401370094,61183.564357020616,67866.33923452813,74602.81556779194
54,11702,Marrickville - Sydenham - Petersham,56669.0,60161.758158935365,61926.49593372869,65240.69245948449,68494.55579268528
55,11703,Sydney Inner City,219929.0,256054.78239684546,276860.3311337272,306843.5737521831,337056.4084286982
56,11801,Eastern Suburbs - North,134520.0,139461.49197967368,142013.81800602,147888.56100125972,153606.7939359591
57,11802,Eastern Suburbs - South,146899.0,156582.03059789486,162080.37627348915,171774.2013665671,181326.7996651736
58,11901,Bankstown,176072.0,188522.0301906771,195036.94936403207,206584.12237540935,217959.20727579144
59,11902,Canterbury,140086.0,147096.24620343288,151145.13130844315,158935.23250787213,166573.9827061658
60,11903,Hurstville,130317.0,138977.18445420783,143729.39143140364,152182.19400601962,160507.16456827638
61,11904,Kogarah - Rockdale,142273.0,156258.91748403254,163656.22974742425,175593.8884121917,187437.98951815936
62,12001,Canada Bay,87904.0,93762.27434018652,98780.97902213129,106634.73310212388,114451.17593948323
63,12002,Leichhardt,58224.0,61753.105017163165,63511.87336513189,66851.72054066596,70128.85932963724
64,12003,Strathfield - Burwood - Ashfield,156128.0,171087.399889154,178664.34313435218,191114.37386700005,203447.0323584821
65,12101,Chatswood - Lane Cove,114265.0,124255.48380300697,129726.29958200148,138730.29397135423,147648.17135566944
66,12102,Hornsby,82239.0,87061.66821335223,88995.92331727562,93063.3071953322,97035.73635176412
67,12103,Ku-ring-gai,121621.0,127920.67381812201,131848.0387958126,139101.22932522008,146228.88021377363
68,12104,North Sydney - Mosman,98918.0,103354.38467722309,105824.95424343825,110858.29865016908,115780.7000546021
69,12201,Manly,44369.0,46135.476583513235,47196.0923751531,49393.30312411709,51540.54712550238
70,12202,Pittwater,62657.0,64709.75191473907,65952.87508485833,68747.73659330755,71470.38507973743
71,12203,Warringah,155567.0,163163.2050988666,167341.4356162349,175614.27384743022,183715.17596185187
72,12301,Camden,61796.0,73421.22489178776,79757.54393772011,88804.7337213473,97940.03174618015
73,12302,Campbelltown (NSW),159972.0,175572.52425291823,181969.99247803396,193114.00127082487,204104.375314751
74,12303,Wollondilly,41049.0,45830.57253718589,48326.687838169615,52216.86270388037,56090.32447139321
75,12401,Blue Mountains,78675.0,79088.98451608451,79064.9298483608,80678.46755953396,82203.5957686938
76,12403,Penrith,140106.0,156783.64931187202,165028.61329933046,177985.8851305144,190875.67089855007
77,12404,Richmond - Windsor,37441.0,37972.01768318033,38159.391504589854,39165.697248442506,40128.56002465405
78,12405,St Marys,55266.0,57253.343456817674,58067.77717839714,60206.23290725022,62279.25943381706
79,12501,Auburn,90055.0,105991.49867874906,114470.58015886843,126720.50643975555,139057.79675940657
80,12502,Carlingford,67286.0,75273.74013171048,79228.14217832778,85444.19185002559,91627.70002748753
81,12503,Merrylands - Guildford,154641.0,168136.74572372116,176051.19923408725,188842.60619855052,201532.00026408787
82,12504,Parramatta,143355.0,157676.03798704373,165899.60980994455,178849.1935085262,191728.5779765907
83,12601,Pennant Hills - Epping,48258.0,54325.97558544151,57063.51713711282,61411.03676079831,65731.19179548109
84,12602,Ryde - Hunters Hill,137335.0,153157.54448787356,161131.6605077607,173693.70973726833,186187.10421365572
85,12701,Bringelly - Green Valley,99981.0,130635.15894543754,145817.57338556502,166711.9399854169,188046.93773199402
86,12702,Fairfield,190208.0,196908.53943625744,200119.0362017271,207953.03170916194,215563.75844653088
87,12703,Liverpool,118613.0,134758.0693886334,142587.78168031605,154611.90076966395,166605.20584246755
88,12801,Cronulla - Miranda - Caringbah,113534.0,119353.87630918201,121893.43729537782,127337.8218462945,132650.999652656
89,12802,Sutherland - Menai - Heathcote,111084.0,112559.50327265705,112714.01471647804,115230.01731703959,117619.01857205959
90,19999,NSW remainder,423.0,412.0118704854002,412.31541469476286,421.22002647056945,429.6613041742372
91,20101,Ballarat,103628.0,113631.06790410572,118648.89157444864,126900.55297181821,135073.86243899842
92,20102,Creswick - Daylesford - Ballan,28394.0,29952.41350199551,30693.197208483656,32181.030451032486,33636.989764048165
93,20103,Maryborough - Pyrenees,25215.0,26252.968929651797,26767.126006191807,27912.52453062884,29028.698703092337
94,20201,Bendigo,94035.0,102484.14611413854,107032.30165866898,114501.28135119047,121900.21152277279
95,20202,Heathcote - Castlemaine - Kyneton,47120.0,51117.89177550827,53166.05350446132,56630.171108201444,60053.70361788182
96,20203,Loddon - Elmore,11436.0,11629.052587643288,11646.139230611143,11907.386818330604,12155.506976329678
97,20301,Barwon - West,18783.0,21285.12951091652,22713.94342521738,24843.457485207255,26976.311717871187
98,20302,Geelong,188762.0,209573.54771977765,219066.2037934378,234567.70390510524,249931.29019750658
99,20303,Surf Coast - Bellarine Peninsula,70891.0,86958.86133182023,94930.14893700671,106213.79052934697,117631.7208487029
100,20401,Upper Goulburn Valley,53619.0,58081.46499341644,60240.499534617295,63977.530024098945,67664.63932895527
101,20402,Wangaratta - Benalla,45984.0,47492.118343186536,48084.132448852186,49760.25749879623,51381.86851927878
102,20403,Wodonga - Alpine,70197.0,75024.99753569138,77612.1727998316,82201.00331287157,86721.24221872562
103,20501,Baw Baw,47987.0,54962.34779436075,58657.69737099544,64163.577246058034,69678.35559088366
104,20502,Gippsland - East,44982.0,47830.993017792134,49215.40135488647,51828.375153886846,54393.1024995925
105,20503,Gippsland - South West,61518.0,67810.0401365342,70836.57828965744,75798.93474012549,80715.41473986396
106,20504,Latrobe Valley,74099.0,75734.86110622797,76242.69579609139,78406.1451141424,80482.60411596454
107,20505,Wellington,43058.0,44695.35055323858,45393.71381909372,47136.35091752447,48828.162980165296
108,20601,Brunswick - Coburg,89876.0,101432.97085470345,106951.42272114319,115554.07162388995,124119.51617718635
109,20602,Darebin - South,54380.0,59087.119922775695,61338.87750493197,65206.07476775112,69023.69520887893
110,20603,Essendon,68764.0,75923.48159158714,79508.82643019028,85298.57011341787,91042.59101023027
111,20604,Melbourne City,136873.0,183767.5803099896,212082.52409882593,250202.73598141488,289549.76803011313
112,20605,Port Phillip,106392.0,116455.77061652543,122042.84023800737,131027.70780804513,139945.08053121055
113,20606,Stonnington - West,64845.0,72553.66698431253,76844.86209853926,83409.1648462847,89959.85621756405
114,20607,Yarra,90752.0,103864.81573686465,111073.33715513843,121748.96334984998,132452.1076611076
115,20701,Boroondara,174753.0,182979.72719250628,187141.20923030277,195802.7176930016,204265.59732941113
116,20702,Manningham - West,93829.0,101629.69294352451,104671.19768204217,110340.92712647766,115909.66571602893
117,20703,Whitehorse - West,104888.0,115548.69714801066,120140.80908073133,127926.66573737358,135619.8907470049
118,20801,Bayside,101268.0,107536.69373127927,110638.85983075066,116501.3244931224,122255.16530186153
119,20802,Glen Eira,153806.0,166765.1295278058,172885.0109294535,183521.2264214933,194012.42262097937
120,20803,Kingston,120210.0,129845.05768575994,134477.81857897993,142602.97065310102,150612.477493956
121,20804,Stonnington - East,43183.0,46048.80876775925,47293.05531901715,49704.38062287996,52068.01084243972
122,20901,Banyule,126088.0,131993.05914112917,134151.2858701634,139409.8191256625,144518.72062332035
123,20902,Darebin - North,97594.0,107318.89461378797,111769.52526564014,119220.7014147334,126590.34884241037
124,20903,Nillumbik - Kinglake,67597.0,69318.06108268378,69861.06343010833,71932.43794758785,73924.07258976903
125,20904,Whittlesea - Wallan,212533.0,257459.75726031564,286372.7792447347,326303.3450104778,367020.8143061537
126,21001,Keilor,60338.0,64842.405870122486,66887.06427208809,70627.22202532915,74304.63698347547
127,21002,Macedon Ranges,29828.0,32934.56464123736,34603.59886241183,37250.46477450154,39881.04801297627
128,21003,Moreland - North,77168.0,86497.57062166737,91249.96195814089,98641.41792623306,106002.82294299218
129,21004,Sunbury,39949.0,45415.67065149734,47574.0745044451,51053.69195521311,54506.36968351087
130,21005,Tullamarine - Broadmeadows,160525.0,199934.5308943149,219776.8882698451,247572.4369705654,275781.1502260996
131,21101,Knox,158746.0,165101.18636770788,167456.21901413272,173630.42523848548,179615.976414515
132,21102,Manningham - East,27080.0,27364.27015910397,27441.661517459495,28099.695581336797,28726.648917217328
133,21103,Maroondah,112574.0,119023.26888788184,122316.66007075529,128640.31653562472,134841.74412478332
134,21104,Whitehorse - East,62542.0,65911.75393123651,67661.1972182888,71075.56687372774,74421.25498312403
135,21105,Yarra Ranges,152549.0,159023.20983114513,161699.3902681499,168123.7867913359,174368.3108512255
136,21201,Cardinia,92476.0,116468.13838781872,130406.71050806552,149534.6612554666,169088.73060699346
137,21202,Casey - North,135039.0,142175.0155706081,145837.10498463947,153070.8539156939,160155.04476577582
138,21203,Casey - South,164489.0,222323.51027482652,253104.39287877118,294832.79411761503,337736.555376967
139,21204,Dandenong,192095.0,205758.27225347684,214118.87012052035,228200.40913033273,242121.38726753416
140,21205,Monash,181292.0,196341.24456615123,203948.82412282022,216947.3208733297,229783.89324440656
141,21301,Brimbank,191978.0,199108.35094280617,203870.06439611834,213569.26228706766,223054.75715320645
142,21302,Hobsons Bay,86808.0,92692.40111140662,95292.37318675002,100258.47505409119,105129.87935755773
143,21303,Maribyrnong,84783.0,94960.76087047668,101122.05907852919,110366.56667682031,119616.26106305287
144,21304,Melton - Bacchus Marsh,152820.0,192030.54981358149,213700.07138956446,243611.84364945738,274118.8705978486
145,21305,Wyndham,218681.0,288674.2396028983,330491.66202546086,387004.27535292547,445207.9685262798
146,21401,Frankston,137790.0,143315.49409497977,146945.26730427856,154164.491759822,161232.2088433546
147,21402,Mornington Peninsula,158831.0,168858.68984933736,174209.94116647824,183981.29527595482,193589.7107630112
148,21501,Grampians,59531.0,59233.72586556881,58566.70580781596,59143.05286592596,59659.986821813494
149,21502,Mildura,54156.0,55929.70341531521,56964.54642425955,59333.75175797845,61640.26509248208
150,21503,Murray River - Swan Hill,37735.0,37033.51281536745,36388.08212174327,36553.26266651762,36687.22277581465
151,21601,Campaspe,37585.0,37878.351599218644,37933.65316937995,38784.182063785294,39591.9540446998
152,21602,Moira,29288.0,30016.944179575956,30385.541427427834,31438.39690354879,32456.785275701313
153,21603,Shepparton,64297.0,66948.57230159684,68408.60741492771,71504.20840916286,74526.53374633174
154,21701,Glenelg - Southern Grampians,35948.0,35790.41321398016,35260.707252675405,35500.33542385898,35706.99951455342
155,21703,Colac - Corangamite,37512.0,37496.64922888646,37372.684345074544,38006.82281780852,38599.925947346856
156,21704,Warrnambool,50550.0,52481.599954851044,53466.868490662666,55706.686428001,57887.774520854
157,30101,Capalaba,74023.0,75587.5330173482,76289.49783642948,78676.44567613519,80976.37440765624
158,30102,Cleveland - Stradbroke,83860.0,92627.27286534655,96920.72642628563,103888.35700433333,110797.83238072651
159,30103,Wynnum - Manly,71045.0,74874.86473334466,77235.42046227363,81553.72295261906,85799.56738026414
160,30201,Bald Hills - Everton Park,42049.0,45794.243742327046,47707.58321188473,50903.92244941775,54065.829153145656
161,30202,Chermside,71139.0,75570.24704061203,77679.77833612711,81716.56320050884,85675.99991134973
162,30203,Nundah,39511.0,43962.36057221864,46460.45781164404,50315.92551110999,54159.18356587308
163,30204,Sandgate,59013.0,63123.35699654128,65629.03827271012,69878.89362540282,74078.07547907748
164,30301,Carindale,51626.0,55999.937316993215,58032.45025176005,61577.44456006857,65073.26972848743
165,30302,Holland Park - Yeronga,73413.0,80604.87907572818,84241.22805191294,90185.913516728,96077.14374832698
166,30303,Mt Gravatt,72951.0,81000.98563381788,84728.61679883821,90789.70720899182,96799.16373027279
167,30304,Nathan,40149.0,42845.62539594192,44233.16700744103,46747.59170024122,49221.18732319579
168,30305,Rocklea - Acacia Ridge,60807.0,67493.02777063647,71043.21833705052,76622.1518291875,82172.06292614169
169,30306,Sunnybank,51942.0,53827.11972572218,55483.96630878251,58541.03476562918,61545.347442846105
170,30401,Centenary,34220.0,34029.52653990281,34055.29596296436,34791.5724871829,35489.57634673605
171,30402,Kenmore - Brookfield - Moggill,46949.0,48314.18285913997,49034.097942889275,50876.868279905546,52664.5482318688
172,30403,Sherwood - Indooroopilly,52607.0,57610.391860204334,59793.90294002211,63550.288238082605,67258.07075188939
173,30404,The Gap - Enoggera,51616.0,54900.811242023985,56476.815269279134,59460.65959212215,62388.93419066949
174,30501,Brisbane Inner,69776.0,86693.76848942827,94801.78646033228,106247.57857096323,117838.01641008756
175,30502,Brisbane Inner - East,42269.0,46530.409808030854,48640.564416564186,52085.30724760738,55499.50187159727
176,30503,Brisbane Inner - North,88302.0,102695.97605193075,109988.49166119454,120742.78682394323,131532.3954357939
177,30504,Brisbane Inner - West,58390.0,62573.52206438873,64240.55906318449,67489.29339382568,70672.90509827438
178,30601,Cairns - North,53223.0,58080.854026155765,60945.14088841735,65518.79062873341,70061.18712177011
179,30602,Cairns - South,103230.0,106806.59347803972,109108.17520831869,114014.24537060314,118803.16158924767
180,30603,Innisfail - Cassowary Coast,35284.0,36340.89254241504,36603.009590649555,37662.63284915381,38680.48198740815
181,30604,Port Douglas - Daintree,11769.0,12297.049664347236,12610.685563347444,13232.695651527887,13841.732146500419
182,30605,Tablelands (East) - Kuranda,40893.0,42474.46021627758,43306.21111319879,45159.225093998146,46964.95648710872
183,30701,Darling Downs (West) - Maranoa,45154.0,45214.59187871328,45431.11623608775,46621.68052622412,47760.53710811057
184,30702,Darling Downs - East,42748.0,42746.968498861956,43131.788635069286,44467.47815170472,45753.958136892856
185,30703,Granite Belt,40511.0,40729.15862037302,41084.34336286203,42343.5924499753,43555.95940478263
186,30801,Central Highlands (Qld),30132.0,29713.280133418335,29459.642685550036,29818.742617914417,30146.705789821863
187,30803,Rockhampton,118605.0,120597.34101947163,122893.81680430913,128078.71205878782,133128.88028086178
188,30804,Biloela,14707.0,13998.696738465893,13614.080814338102,13558.924257908648,13497.980682734056
189,30805,Gladstone,63697.0,63846.297247729046,65401.0042463826,68543.84419750201,71618.46523914745
190,30901,Broadbeach - Burleigh,63659.0,67009.55815639427,68649.98113753667,71958.74495704203,75196.00788675978
191,30902,Coolangatta,54378.0,58845.57009358949,60745.04526973895,64191.09987241145,67580.96943641888
192,30903,Gold Coast - North,67117.0,72212.64056790489,75144.47984990056,80083.6924020155,84966.49682048826
193,30904,Gold Coast Hinterland,18633.0,20348.348953971185,21064.557842090126,22326.288017002913,23569.698616507456
194,30905,Mudgeeraba - Tallebudgera,34110.0,36674.196607669626,38054.81140743244,40434.98467426633,42784.01186517381
195,30906,Nerang,68691.0,72263.12792377947,74456.53950058627,78524.22744088757,82520.59212837607
196,30907,Ormeau - Oxenford,117043.0,157410.6244669528,177912.87996781195,205838.4666405438,234482.28432126204
197,30908,Robina,50714.0,55203.09023955025,57590.31828248151,61539.15970100381,65448.582255291294
198,30909,Southport,60082.0,63960.39439636802,65930.70080652538,69565.10626866805,73136.84961136986
199,30910,Surfers Paradise,41589.0,46978.008836945446,49850.69737149122,54213.770415060135,58571.85771654875
200,31001,Forest Lake - Oxley,73163.0,79859.91326245076,84102.28741345678,90753.14999843841,97371.11023418762
201,31002,Ipswich Hinterland,62853.0,68560.84180985735,71614.35496735928,76623.89739434025,81586.87523933401
202,31003,Ipswich Inner,105558.0,117501.81962886476,123431.04674150233,132844.06265292727,142198.15741220396
203,31004,Springfield - Redbank,83323.0,105110.88260404677,117627.65079835852,134812.628410045,152376.95705407398
204,31101,Beaudesert,13953.0,15156.300685590035,15893.23874486685,17074.24436335324,18246.76637478016
205,31102,Beenleigh,41777.0,46181.95345147317,48419.382151886144,52008.37835775604,55571.27594529139
206,31103,Browns Plains,81401.0,90158.7644391783,94738.97392335955,101998.14961581989,109213.11800337309
207,31104,Jimboomba,45039.0,60003.36386284092,67131.91586198276,76921.3100813817,86925.86836535836
208,31105,Loganlea - Carbrook,60826.0,65364.26758415646,67938.740380664,72315.59611873096,76639.5076648804
209,31106,Springwood - Kingston,80299.0,80187.18023492662,80752.31110567081,83074.9559096316,85305.4465978156
210,31201,Bowen Basin - North,35218.0,33761.74028134522,32822.11031109746,32679.17424312931,32522.92200073866
211,31202,Mackay,118292.0,117879.82386960453,118613.58045961281,121914.84363044846,125080.8274816556
212,31203,Whitsunday,21464.0,23140.380023837522,24318.111660971586,26183.846885218063,28038.30672491787
213,31301,Bribie - Beachmere,33397.0,36939.54159461128,38574.17151033819,41260.706541627005,43921.86390004462
214,31302,Caboolture,68137.0,76911.01633822199,82225.885361629,90103.44245112088,98000.26669805164
215,31303,Caboolture Hinterland,13360.0,14763.519757755026,15704.874676893302,17122.267880986783,18539.737025089264
216,31304,Narangba - Burpengary,63662.0,68874.88308155107,71351.7531359074,75684.66435352866,79956.62925020143
217,31305,Redcliffe,60922.0,64084.60793107327,65763.59927322886,69057.48891142245,72284.31990152651
218,31401,The Hills District,87709.0,92946.82352045011,95780.66308874667,101027.5027784589,106182.80643615432
219,31402,North Lakes,69401.0,91046.44598593302,104553.92912490359,122780.15627404624,141568.11683193405
220,31403,Strathpine,38216.0,39910.666024526734,40749.146873646794,42557.108020325475,44321.10131521153
221,31501,Far North,33091.0,35883.44473598959,37150.0197869801,39379.24648603141,41576.23843437963
222,31502,Outback - North,32248.0,29809.09189578024,28132.424396986895,27335.382081114192,26595.05662357392
223,31503,Outback - South,18708.0,17035.996958509477,15824.239950009704,15180.26745805964,14599.01752020665
224,31601,Buderim,54352.0,60839.68764060149,64938.816634500676,71043.82466879001,77159.08502595998
225,31602,Caloundra,80551.0,94247.75232648914,100898.28876080608,110717.22296422244,120566.4804222814
226,31603,Maroochy,57538.0,62422.13619502619,65082.0582918245,69500.46193910501,73873.25737856423
227,31605,Noosa,41594.0,46735.72192296195,49552.04863286657,53842.86806066144,58127.01925695366
228,31606,Sunshine Coast Hinterland,49974.0,56060.78346866089,58561.82797637178,62663.072274941784,66726.35881574378
229,31607,Nambour,42525.0,48432.83776704791,51370.828096884325,55840.68155287299,60304.4180511263
230,31608,Noosa Hinterland,22280.0,24286.311579967136,25195.896888509527,26766.55159662364,28316.478889769118
231,31701,Toowoomba,151495.0,159967.40884883123,164367.94009816012,172836.5827980936,181140.59489028662
232,31801,Charters Towers - Ayr - Ingham,43478.0,41951.7331263744,40887.16073019152,40794.70226469816,40680.4238218993
233,31802,Townsville,190065.0,196815.9992528192,201994.76959591563,212137.12768166972,222073.81896445277
234,31901,Bundaberg,88801.0,91211.41442048454,92269.70255973868,95396.78858204753,98419.02705324438
235,31902,Burnett,49736.0,49776.72386891707,50019.92337462162,51336.24214543974,52595.62020789048
236,31903,Gympie - Cooloola,49468.0,52837.982259715085,54569.95966060167,57695.378764240675,60770.816341176
237,31904,Hervey Bay,57013.0,61168.83504689909,63217.42775487258,66887.01172863774,70499.52537067185
238,31905,Maryborough,45179.0,47102.488366861195,48046.03464959246,50125.782026243716,52153.25827969675
239,40101,Adelaide City,23085.0,26173.150416291046,27794.132843554387,30249.523430945264,32702.993756579504
240,40102,Adelaide Hills,72465.0,77366.67236002792,79452.8543987513,83499.09070955747,87465.13758258244
241,40103,Burnside,44938.0,46126.2392236169,46527.801004248875,47953.11070536056,49325.326199745265
242,40104,Campbelltown (SA),51289.0,53607.16219506018,54475.42821862282,56601.42618415617,58666.61153416229
243,40105,Norwood - Payneham - St Peters,36369.0,37461.26603641645,37674.74007300667,38700.87462184601,39684.067025577715
244,40106,Prospect - Walkerville,28828.0,29917.626001496214,30352.173282076878,31480.11146916607,32573.89232321227
245,40107,Unley,38823.0,39414.01774136893,39563.78751353167,40556.196048271144,41503.67215034856
246,40201,Gawler - Two Wells,34383.0,37066.53853282243,38411.44598176202,40757.39334245397,43070.78679357233
247,40202,Playford,89803.0,97270.1811304916,102300.16203844221,110237.34551984978,118129.76872677637
248,40203,Port Adelaide - East,68159.0,74167.77872212592,77563.20281335677,83091.90210033298,88572.81461060878
249,40204,Salisbury,137292.0,143344.5731056211,146770.88689502337,153751.54123503706,160578.32426056248
250,40205,Tea Tree Gully,94807.0,96527.27706131514,96683.03565529943,98867.7436314915,100943.40975944986
251,40301,Holdfast Bay,34742.0,35963.69640210253,36280.5919903694,37396.32021720856,38470.6501786306
252,40302,Marion,90988.0,96486.54946099184,99051.7523455073,104054.94700295305,108957.65536052168
253,40303,Mitcham,64928.0,66531.45285945966,67114.46474764949,69174.74507466062,71158.44165565005
254,40304,Onkaparinga,169737.0,175895.8117640043,178996.0906958155,186266.328503382,193338.41697466315
255,40401,Charles Sturt,111005.0,117471.95705298496,120745.34688722894,127013.56948777355,133161.4749476766
256,40402,Port Adelaide - West,59465.0,60615.6189241956,61283.858685104,63321.03045730714,65288.47614746676
257,40403,West Torrens,62313.0,65035.23107657873,66374.04253516081,69287.86944169887,72129.81668678664
258,40501,Barossa,35862.0,37830.97008654817,39009.62730269254,41174.933325646336,43303.39462418506
259,40502,Lower North,22978.0,23032.560641150954,23168.50671755299,23804.88545260713,24414.849684265468
260,40503,Mid North,27932.0,27558.948769232793,27323.72162887112,27656.803238622633,27961.005348760256
261,40504,Yorke Peninsula,25538.0,26436.649654614463,26958.88918568941,28117.562064392772,29246.840270175897
262,40601,Eyre Peninsula and South West,58515.0,57723.74855364348,57524.96810278826,58491.954983175536,59395.84099969818
263,40602,Outback - North and East,27984.0,26360.298610481463,25279.496743496995,24886.993569555765,24507.196269640193
264,40701,Fleurieu - Kangaroo Island,50945.0,54292.72367174644,56390.07898209969,59976.98493465595,63518.971964668606
265,40702,Limestone Coast,66440.0,67359.0973921975,67899.66664559295,69927.57173167446,71877.97669592113
266,40703,Murray and Mallee,71055.0,73160.41582002043,74116.35647687488,76749.78718274538,79299.34785083585
267,50101,Augusta - Margaret River - Busselton,51285.0,56991.90321084259,61226.51872552408,67420.87630978052,73644.42010687714
268,50102,Bunbury,104307.0,105801.50902894135,108512.69619136739,113879.31661371177,119134.46948576505
269,50103,Manjimup,23111.0,23252.208349887558,23479.288573808404,24226.571831890873,24947.0872402424
270,50201,Mandurah,98291.0,105356.295895886,111510.01448495296,120949.32385695187,130365.80387933097
271,50301,Cottesloe - Claremont,71417.0,73291.21210092069,74530.82926643932,77499.0026980961,80384.30996313489
272,50302,Perth City,106847.0,113794.94894524985,118467.75775528105,126313.59187707031,134071.82602729974
273,50401,Bayswater - Bassendean,84217.0,84298.95560143622,85348.75763832105,88322.69274027944,91199.86264587722
274,50402,Mundaring,43568.0,43212.83413144962,43446.53825071355,44615.592903178316,45735.14685861408
275,50403,Swan,128095.0,148181.7987519474,160880.49121922345,179031.0773712561,197353.94885099193
276,50501,Joondalup,163142.0,161170.48568451955,160815.43016678825,163747.7165538083,166502.11853468878
277,50502,Stirling,201437.0,205517.26274956478,210491.104901516,220571.67219935078,230432.3048012235
278,50503,Wanneroo,188067.0,212287.3657531331,230022.72803640255,255470.52020828868,281137.3551218366
279,50601,Armadale,78848.0,93900.68106485126,103748.79428481907,117452.75266362175,131389.63240639467
280,50602,Belmont - Victoria Park,73587.0,76497.91352006928,79427.52181418806,84451.2078758475,89411.0284781022
281,50603,Canning,97580.0,97747.30905920506,98976.84341567641,102439.5450050818,105790.07199229253
282,50604,Gosnells,121720.0,125889.42321615943,130339.93957539316,138168.98632919585,145885.08415965468
283,50605,Kalamunda,59298.0,59288.70198918737,60132.01637245996,62346.40946668487,64493.0470927602
284,50606,Serpentine - Jarrahdale,25541.0,34099.18063625856,39710.98486650047,47240.04030460262,55027.477162481984
285,50607,South Perth,44152.0,44139.75359210416,44266.96247543943,45331.16385367917,46345.21966289379
286,50701,Cockburn,104258.0,114771.50872554304,122141.7479573727,133223.1220128319,144307.3749672851
287,50702,Fremantle,38444.0,39746.88068776531,40889.41128753216,43051.45873736019,45173.297620689904
288,50703,Kwinana,38153.0,46772.16079954204,52293.289252697185,59879.96382878025,67631.4135037484
289,50704,Melville,106263.0,106226.71483160216,106538.48822415354,109106.1546876044,111553.11492627967
290,50705,Rockingham,126012.0,138539.68876815776,148346.0541766409,162816.02488033404,177332.0731326433
291,50901,Albany,60290.0,61316.65615759764,62417.00365114652,64974.353426695874,67462.75027932932
292,50902,Wheat Belt - North,57058.0,56323.114218230585,56667.567933801154,58237.75971176691,59743.329084926256
293,50903,Wheat Belt - South,21076.0,19860.408139961513,19266.64676920668,19148.85830578742,19025.522111979717
294,51001,Kimberley,37066.0,36042.26784468161,35817.19314287709,36324.64792316437,36793.42138693956
295,51002,East Pilbara,26916.0,26197.324495499815,25861.42976834673,26081.17863810315,26275.512212106823
296,51003,West Pilbara,36105.0,36591.51060399926,37766.7959695965,39902.72782381471,42003.62055352818
297,51101,Esperance,16641.0,15771.977377723715,15629.483711046709,15813.279967230206,15980.659290289997
298,51102,Gascoyne,9836.0,9291.515447904627,9168.172088122275,9242.501666739041,9307.914809833854
299,51103,Goldfields,41880.0,38159.14675951315,36404.10636286577,35685.69635106886,35001.648808141195
300,51104,Mid West,56164.0,52761.1475326222,51874.470129446745,52137.67084596406,52355.34795517234
301,60101,Brighton,16993.0,18726.55917545571,19424.717814794763,20632.025650368843,21823.28193427142
302,60102,Hobart - North East,52627.0,56397.28819459928,58018.07925063537,61085.41034235974,64095.68379903822
303,60103,Hobart - North West,53183.0,55215.322385182226,55944.899357040726,57941.88013104697,59875.584927438285
304,60104,Hobart - South and West,33121.0,35350.764092343554,36441.97102126933,38453.31953845318,40430.07116734354
305,60105,Hobart Inner,51712.0,55356.27698198451,56588.00611685582,59176.36567202507,61704.36828438919
306,60106,Sorell - Dodges Ferry,15866.0,17761.264881153544,18568.93833795943,19886.45424124975,21192.371662360187
307,60201,Launceston,82348.0,85608.68131327601,86217.8370345617,88704.30206875768,91092.37268990942
308,60202,Meander Valley - West Tamar,22651.0,23551.311547418274,23663.770577124986,24283.53252592854,24876.362104890875
309,60203,North East,37702.0,38852.22886702724,38939.65187180733,39847.78719916972,40711.90269367121
310,60301,Central Highlands (Tas.),11393.0,11763.985640190853,11722.212559682002,11917.816419980521,12100.571748870057
311,60302,Huon - Bruny Island,19355.0,21202.765776910215,21895.860937006237,23147.77079478877,24379.58999452683
312,60303,South East Coast,6797.0,7199.830605635199,7271.144235635501,7503.701877434941,7727.971410253209
313,60401,Burnie - Ulverstone,48679.0,49241.301918851495,48746.93733512213,49277.93985617573,49758.46422436091
314,60402,Devonport,44952.0,47034.08294484284,47461.540223019925,48935.90740652767,50356.128747318005
315,60403,West Coast,17738.0,17473.183598858064,16819.53047320078,16609.465697521828,16403.066230981716
316,70101,Darwin City,27910.0,27536.25759073524,28395.104917915167,29972.277074150432,31522.646298364743
317,70102,Darwin Suburbs,57499.0,55494.10352478865,55389.11063366936,56418.815662464935,57387.13385108699
318,70103,Litchfield,24382.0,25159.32559668075,26807.29373074858,29275.262958934563,31745.305217691126
319,70104,Palmerston,35123.0,39001.65345220571,41923.62477306235,46191.706201747904,50481.029963409055
320,70201,Alice Springs,39748.0,39380.2008670033,38532.78091931962,38572.65314888184,38585.23429222549
321,70202,Barkly,6276.0,6139.806670828546,5956.755895585289,5920.759232587302,5883.018116825522
322,70203,Daly - Tiwi - West Arnhem,18133.0,17903.86299517831,17875.689111107546,18214.525082081822,18533.511734159223
323,70204,East Arnhem,14764.0,14559.506389045451,13937.862184402245,13701.509389377477,13474.168542096679
324,70205,Katherine,20857.0,20898.031165387907,20948.05714235551,21440.02544704226,21908.301109617878
325,80101,Belconnen,96939.0,101039.19288222033,102373.50062958304,106026.91820620993,109564.54420894347
326,80103,Canberra East,1523.0,1602.8787790763447,1646.3256749631848,1730.4207488787665,1812.857466076818
327,80104,Gungahlin,68434.0,84654.31149886712,98474.48738717334,117023.50814812779,136204.62828161934
328,80105,North Canberra,53367.0,59084.151067931874,61968.6748092505,66586.536603858,71171.68959073463
329,80106,South Canberra,27006.0,30409.604971993693,31931.50325221794,34352.60938742557,36758.059804640034
330,80107,Tuggeranong,86382.0,85018.54572394866,82581.7320563457,82163.64758719978,81715.8797357898
331,80108,Weston Creek,23345.0,23349.940104209352,23208.31367998809,23540.723604473053,23848.038887425875
332,80109,Woden Valley,35112.0,36937.87497885722,37629.4130619435,39203.60389433861,40736.44591492051
333,80110,Molonglo,3110.0,8564.518530321457,18283.092398824854,20669.30180307066,22782.027279904636
334,80111,Urriarra - Namadgi,595.0,628.8340034496523,683.9358081146213,762.4356590699628,841.7422758581099
335,90109,Other Territories,2851.0,4670.775739435237,5168.555083445264,5859.958088500012,6563.547625790094
