"Info","2001-06","2006-11"
"1 Goulburn - Yass",NA,NA
"Start-of-period population",63370,64583.5511055045
"Births",3887.33434009997,3600.36874427269
"Deaths",2606.91919014467,2892.57494117029
"Net migration",-66.8640444508434,207.359069137688
"End-of-period population",64583.5511055045,65498.7039777445
"2 Queanbeyan",NA,NA
"Start-of-period population",45224,49232.6522682217
"Births",3086.24892807377,2934.53828704837
"Deaths",1256.6236785774,1449.91412829122
"Net migration",2179.02701872535,2254.89436284655
"End-of-period population",49232.6522682217,52972.1707898254
"3 Snowy Mountains",NA,NA
"Start-of-period population",18810,19243.521052066
"Births",1049.74363918849,932.614454485973
"Deaths",771.963000984654,926.002844358087
"Net migration",155.740413862147,335.481696182539
"End-of-period population",19243.521052066,19585.6143583764
"4 South Coast",NA,NA
"Start-of-period population",64093,68491.6607622826
"Births",3276.12559856691,3321.20868383027
"Deaths",3201.73188913671,3253.6519736241
"Net migration",4324.26705285239,3950.60037706185
"End-of-period population",68491.6607622826,72509.8178495506
"5 Gosford",NA,NA
"Start-of-period population",160596,170956.477551878
"Births",9761.92358954896,9613.11843492932
"Deaths",8069.5108534485,8729.25580229865
"Net migration",8668.06481577761,8529.61382207341
"End-of-period population",170956.477551878,180369.954006582
"6 Wyong",NA,NA
"Start-of-period population",134000,146035.740108903
"Births",9142.28424722102,9164.05503477519
"Deaths",6431.27376214027,6970.6480711488
"Net migration",9324.72962382209,9046.06297952676
"End-of-period population",146035.740108903,157275.210052056
"7 Bathurst",NA,NA
"Start-of-period population",40816,42639.7756429631
"Births",2551.7540649178,2462.00582325541
"Deaths",1435.39753155219,1626.63141866806
"Net migration",707.419109597473,762.308495846162
"End-of-period population",42639.7756429631,44237.4585433966
"8 Lachlan Valley",NA,NA
"Start-of-period population",58987,59208.1829409331
"Births",3855.75692474641,3552.46459960429
"Deaths",2701.18697685746,2966.14325268854
"Net migration",-933.38700695585,-623.110247878217
"End-of-period population",59208.1829409331,59171.3940399706
"9 Lithgow - Mudgee",NA,NA
"Start-of-period population",43738,44347.6239962397
"Births",2771.94400482743,2655.93339019943
"Deaths",1702.76095560364,1765.6859541287
"Net migration",-459.559052984131,-477.118841992184
"End-of-period population",44347.6239962397,44760.7525903182
"10 Orange",NA,NA
"Start-of-period population",52288,54056.271107749
"Births",3607.58697291738,3437.13466496315
"Deaths",1969.36225350141,2168.40581280896
"Net migration",130.046388333016,225.860449512183
"End-of-period population",54056.271107749,55550.8604094154
"11 Clarence Valley",NA,NA
"Start-of-period population",47789,49914.1581753107
"Births",2704.5397266277,2584.46959095776
"Deaths",2296.10977420894,2506.46806259193
"Net migration",1716.72822289194,1782.69015427894
"End-of-period population",49914.1581753107,51774.8498579555
"12 Coffs Harbour",NA,NA
"Start-of-period population",75674,80469.3038992577
"Births",4267.36604750934,4142.75012951714
"Deaths",3353.53880359913,3821.01613310358
"Net migration",3881.47665534752,4028.34007524425
"End-of-period population",80469.3038992577,84819.3779709155
"13 Bourke - Cobar - Coonamble",NA,NA
"Start-of-period population",30532,30341.8783131117
"Births",2457.29207752698,2290.87733516291
"Deaths",899.884778205119,948.229282844675
"Net migration",-1747.52898621013,-1662.00617218444
"End-of-period population",30341.8783131117,30022.5201932455
"14 Broken Hill and Far West",NA,NA
"Start-of-period population",24208,23154.5146002205
"Births",1395.13694307233,1221.84155454851
"Deaths",1051.9289113358,1022.81036693642
"Net migration",-1396.69343151605,-1281.19246390987
"End-of-period population",23154.5146002205,22072.3533239227
"15 Dubbo",NA,NA
"Start-of-period population",68842,70714.6765669631
"Births",4926.93653717329,4630.78714706333
"Deaths",2606.16906831384,2970.88474059287
"Net migration",-448.090901896371,-132.317391185868
"End-of-period population",70714.6765669631,72242.2615822477
"16 Lower Hunter",NA,NA
"Start-of-period population",76441,78672.0348347446
"Births",5181.81265972462,5122.51922546944
"Deaths",2679.48766429782,2779.69411048175
"Net migration",-271.290160682185,-500.257009999137
"End-of-period population",78672.0348347446,80514.6029397332
"17 Maitland",NA,NA
"Start-of-period population",52324,55444.5272457171
"Births",3772.26822556073,3806.34026628041
"Deaths",1770.30412452885,1879.51174416066
"Net migration",1118.56314468524,888.446455620577
"End-of-period population",55444.5272457171,58259.8022234575
"18 Port Stephens",NA,NA
"Start-of-period population",61044,66973.3038224499
"Births",3990.9833476552,4061.28510548087
"Deaths",2456.90582284821,2795.30949022356
"Net migration",4395.22629764297,4305.44702837278
"End-of-period population",66973.3038224499,72544.72646608
"19 Upper Hunter",NA,NA
"Start-of-period population",28529,28640.8767647775
"Births",1927.48108849387,1769.52115944229
"Deaths",1015.6588368,1131.53372524356
"Net migration",-799.945486916384,-650.876309492168
"End-of-period population",28640.8767647775,28627.987889484
"20 Dapto - Port Kembla",NA,NA
"Start-of-period population",72302,73979.4873660881
"Births",4439.63606653654,3981.17282790332
"Deaths",2564.25003480642,2965.46461836646
"Net migration",-197.898665642033,309.928513255284
"End-of-period population",73979.4873660881,75305.1240888802
"21 Kiama - Shellharbour",NA,NA
"Start-of-period population",79109,84983.5562043639
"Births",5368.43896361628,5227.96033683311
"Deaths",2813.07038409536,3355.17707960041
"Net migration",3319.18762484298,3529.38242848731
"End-of-period population",84983.5562043639,90385.7218900839
"22 Wollongong",NA,NA
"Start-of-period population",115960,118953.865533394
"Births",6881.79194440599,6761.26564752185
"Deaths",4806.42411414877,4979.2068374116
"Net migration",918.497703136957,636.273465686244
"End-of-period population",118953.865533394,121372.197809191
"23 Great Lakes",NA,NA
"Start-of-period population",28094,30284.9115867279
"Births",1296.4553844457,1303.73432270873
"Deaths",1817.09955770287,2024.48880306875
"Net migration",2711.55575998511,2743.6259830455
"End-of-period population",30284.9115867279,32307.7830894134
"24 Kempsey - Nambucca",NA,NA
"Start-of-period population",45235,46743.9062000809
"Births",2494.45743699121,2330.10569225289
"Deaths",2211.91921104669,2499.55888722194
"Net migration",1226.36797413639,1442.25272136598
"End-of-period population",46743.9062000809,48016.7057264779
"25 Port Macquarie",NA,NA
"Start-of-period population",64874,71059.3478181392
"Births",3287.19189244178,3223.57368442318
"Deaths",3903.55075275047,4469.36713146262
"Net migration",6801.70667844788,7049.2829351972
"End-of-period population",71059.3478181392,76862.8373062969
"26 Taree - Gloucester",NA,NA
"Start-of-period population",49425,50970.8243530004
"Births",2703.51060513841,2540.34840608171
"Deaths",2429.82909825722,2595.89114887176
"Net migration",1272.14284611926,1346.72012018842
"End-of-period population",50970.8243530004,52262.0017303988
"27 Albury",NA,NA
"Start-of-period population",55583,57298.7684063873
"Births",3499.7596606159,3346.81314502944
"Deaths",2200.76729769912,2435.11824107592
"Net migration",416.776043470497,518.449755432271
"End-of-period population",57298.7684063873,58728.9130657731
"28 Lower Murray",NA,NA
"Start-of-period population",14120,14027.6897648571
"Births",938.114416876075,853.403763217413
"Deaths",511.924565649165,544.222661178037
"Net migration",-518.500086369779,-461.132373172621
"End-of-period population",14027.6897648571,13875.7384937239
"29 Upper Murray exc. Albury",NA,NA
"Start-of-period population",42032,42771.3978030862
"Births",2527.86612092928,2340.71942212865
"Deaths",1961.42565577005,2183.66211090236
"Net migration",172.957337926978,387.07171486195
"End-of-period population",42771.3978030862,43315.5268291744
"30 Armidale",NA,NA
"Start-of-period population",36743,36288.5998192083
"Births",2069.31127323577,1867.00206685506
"Deaths",1324.048286454,1420.42700497086
"Net migration",-1199.66316757344,-1048.11826428671
"End-of-period population",36288.5998192083,35687.0566168058
"31 Inverell - Tenterfield",NA,NA
"Start-of-period population",38138,37880.8237515526
"Births",2222.08887535112,2036.22455230651
"Deaths",1799.46314894704,1936.62593030546
"Net migration",-679.801974851459,-517.632884392777
"End-of-period population",37880.8237515526,37462.7894891609
"32 Moree - Narrabri",NA,NA
"Start-of-period population",30007,29908.7032104984
"Births",2325.9403807512,2153.84564092168
"Deaths",840.806928847518,879.7565411785
"Net migration",-1583.4302414053,-1501.53835474236
"End-of-period population",29908.7032104984,29681.2539554992
"33 Tamworth - Gunnedah",NA,NA
"Start-of-period population",74837,75234.5314386776
"Births",4559.63154936433,4169.54454959321
"Deaths",3127.22835976848,3439.88321939178
"Net migration",-1034.87175091831,-659.13513968382
"End-of-period population",75234.5314386776,75305.0576291952
"34 Lake Macquarie - East",NA,NA
"Start-of-period population",116872,120652.887866992
"Births",6727.40831425765,6594.55904428235
"Deaths",4848.83983768552,5195.57609586596
"Net migration",1902.3193904195,1775.65443947193
"End-of-period population",120652.887866992,123827.52525488
"35 Lake Macquarie - West",NA,NA
"Start-of-period population",67249,70908.3868124918
"Births",4309.47895422222,4317.02351977736
"Deaths",3019.5509222668,3354.62061790904
"Net migration",2369.45878053635,2310.42807563121
"End-of-period population",70908.3868124918,74181.2177899913
"36 Newcastle",NA,NA
"Start-of-period population",148073,151255.240591948
"Births",7747.55280650128,6754.39149738152
"Deaths",6921.86889630687,7445.71477211455
"Net migration",2356.55668175332,3162.66281328406
"End-of-period population",151255.240591948,153726.580130499
"37 Richmond Valley - Coastal",NA,NA
"Start-of-period population",71896,78009.2724139437
"Births",3792.78923736069,3745.95664615057
"Deaths",3400.14727983366,3842.41404770486
"Net migration",5720.63045641669,5780.41955843171
"End-of-period population",78009.2724139437,83693.2345708211
"38 Richmond Valley - Hinterland",NA,NA
"Start-of-period population",68887,69662.4351563442
"Births",4140.51068960776,3826.31939098634
"Deaths",2689.02339520424,2673.36205882758
"Net migration",-676.052138059293,-678.937350979497
"End-of-period population",69662.4351563442,70136.4551375235
"39 Tweed Valley",NA,NA
"Start-of-period population",73980,81895.2120451357
"Births",3899.98325832592,3871.29897481402
"Deaths",4275.65001222306,5026.64703645432
"Net migration",8290.87879903291,8649.94571141122
"End-of-period population",81895.2120451357,89389.8096949067
"40 Griffith - Murrumbidgee (West)",NA,NA
"Start-of-period population",49373,50891.4363884906
"Births",3720.63946194265,3561.41042100588
"Deaths",1730.13233731582,1903.53598144743
"Net migration",-472.070736136167,-392.962899780078
"End-of-period population",50891.4363884906,52156.347928269
"41 Tumut - Tumbarumba",NA,NA
"Start-of-period population",15112,15150.7325644004
"Births",883.461581402675,813.97096439524
"Deaths",649.080806363843,701.564914754547
"Net migration",-195.648210638408,-139.736867636243
"End-of-period population",15150.7325644004,15123.4017464049
"42 Wagga Wagga",NA,NA
"Start-of-period population",87629,88976.0998469762
"Births",5844.05960598053,5496.32534780923
"Deaths",3342.98701854649,3694.20983979166
"Net migration",-1153.97274045784,-854.04130506194
"End-of-period population",88976.0998469762,89924.1740499318
"43 Shoalhaven",NA,NA
"Start-of-period population",86827,93535.8818466621
"Births",4769.05865279657,4450.98179002467
"Deaths",4499.86142764707,5536.97745860526
"Net migration",6439.68462151265,7275.63073178819
"End-of-period population",93535.8818466621,99725.5169098697
"44 Southern Highlands",NA,NA
"Start-of-period population",42327,45626.5242363102
"Births",2658.26040237319,2611.75857575042
"Deaths",1802.35195336762,1923.08158719452
"Net migration",2443.61578730465,2357.67631696059
"End-of-period population",45626.5242363102,48672.8775418267
"45 Baulkham Hills",NA,NA
"Start-of-period population",118274,128070.743155524
"Births",6585.4744626251,6467.12985675964
"Deaths",3677.37315554456,4208.1479088607
"Net migration",6888.6418484435,6830.65694308007
"End-of-period population",128070.743155524,137160.382046503
"46 Dural - Wisemans Ferry",NA,NA
"Start-of-period population",25175,26707.521896021
"Births",1245.01209154327,1170.97770484223
"Deaths",852.853063607026,1032.13489718507
"Net migration",1140.36286808472,1246.36953915026
"End-of-period population",26707.521896021,28092.7342428284
"47 Hawkesbury",NA,NA
"Start-of-period population",23519,25280.6876928637
"Births",1635.79938346308,1628.15562059758
"Deaths",508.245788033307,463.550768586596
"Net migration",634.134097433956,456.583583524887
"End-of-period population",25280.6876928637,26901.8761283996
"48 Rouse Hill - McGraths Hill",NA,NA
"Start-of-period population",18531,21335.1915234104
"Births",1589.16971756147,1615.8600395534
"Deaths",406.391313756269,471.557123821367
"Net migration",1621.41311960521,1588.97411156328
"End-of-period population",21335.1915234104,24068.4685507057
"49 Blacktown",NA,NA
"Start-of-period population",120913,124760.160039411
"Births",8310.69003733367,8004.9968671959
"Deaths",3305.67973925671,3749.70391654109
"Net migration",-1157.85025866608,-1033.24944283181
"End-of-period population",124760.160039411,127982.203547234
"50 Blacktown - North",NA,NA
"Start-of-period population",47036,56664.6541539005
"Births",4643.44169236832,5019.66512286099
"Deaths",892.563448326919,1124.83923442187
"Net migration",5877.77590985908,5776.23753866004
"End-of-period population",56664.6541539005,66335.7175809996
"51 Mount Druitt",NA,NA
"Start-of-period population",97202,103199.541311562
"Births",8753.03957620181,8579.53406717583
"Deaths",1939.14872987835,2336.88546863903
"Net migration",-816.349534761284,-814.959538349532
"End-of-period population",103199.541311562,108627.230371749
"52 Botany",NA,NA
"Start-of-period population",36966,37641.7722154041
"Births",2118.95524135881,1905.17085673581
"Deaths",1474.39543575043,1728.42777778124
"Net migration",31.2124097957162,326.257424242464
"End-of-period population",37641.7722154041,38144.7727186011
"53 Marrickville - Sydenham - Petersham",NA,NA
"Start-of-period population",50997,50011.7194188104
"Births",2550.58883241653,2383.97993335519
"Deaths",1660.51371625234,1755.23911864699
"Net migration",-1875.3556973538,-1798.42390037321
"End-of-period population",50011.7194188104,48842.0363331454
"54 Sydney Inner City",NA,NA
"Start-of-period population",133173,148380.488900182
"Births",4585.39457701106,4908.29579206653
"Deaths",3852.42003649567,4294.84218108444
"Net migration",14474.5143596662,13861.0646139463
"End-of-period population",148380.488900182,162855.00712511
"55 Eastern Suburbs - North",NA,NA
"Start-of-period population",120374,122477.050203625
"Births",5207.85003190345,5036.49219293878
"Deaths",5199.74493642572,5337.9097235513
"Net migration",2094.94510814708,1845.83738137215
"End-of-period population",122477.050203625,124021.470054384
"56 Eastern Suburbs - South",NA,NA
"Start-of-period population",124456,128050.411710244
"Births",6135.12805535509,6068.65329070397
"Deaths",4610.79064562201,4478.69338917764
"Net migration",2070.07430051077,1373.28204975783
"End-of-period population",128050.411710244,131013.653661528
"57 Bankstown",NA,NA
"Start-of-period population",148537,152816.778178789
"Births",9835.79959359864,9439.825507619
"Deaths",5779.48153863402,6345.87115595147
"Net migration",223.460123824302,432.877514810722
"End-of-period population",152816.778178789,156343.610045267
"58 Canterbury",NA,NA
"Start-of-period population",123606,125570.229135918
"Births",8790.91963853199,8442.99448147902
"Deaths",4382.60584126729,4613.57131096067
"Net migration",-2444.0846613465,-2430.73446795005
"End-of-period population",125570.229135918,126968.917838487
"59 Hurstville",NA,NA
"Start-of-period population",110098,114271.399666444
"Births",6167.98295373379,5792.74435391826
"Deaths",5082.30961259056,5476.60091673886
"Net migration",3087.72632530081,3267.39184228392
"End-of-period population",114271.399666444,117854.934945907
"60 Kogarah - Rockdale",NA,NA
"Start-of-period population",115196,118028.102771733
"Births",6932.57931701673,6634.20168276261
"Deaths",5385.74258714365,5566.96872802624
"Net migration",1285.26604186018,1198.32559608934
"End-of-period population",118028.102771733,120293.661322559
"61 Canada Bay",NA,NA
"Start-of-period population",61230,64052.1428971061
"Births",3322.43364644627,3159.26370934876
"Deaths",2595.04329507193,2768.36153437292
"Net migration",2094.75254573181,2089.98259287312
"End-of-period population",64052.1428971061,66533.0276649551
"62 Leichhardt",NA,NA
"Start-of-period population",50146,51907.4250102185
"Births",2437.52476159712,2324.89099832027
"Deaths",1511.72928612429,1563.22430793835
"Net migration",835.62953474565,735.250392175228
"End-of-period population",51907.4250102185,53404.3420927756
"63 Strathfield - Burwood - Ashfield",NA,NA
"Start-of-period population",128351,130229.781430172
"Births",6600.3513102957,6293.09770470372
"Deaths",5155.35086265513,5152.70740927415
"Net migration",433.780982531107,157.928816712123
"End-of-period population",130229.781430172,131528.100542313
"64 Chatswood - Lane Cove",NA,NA
"Start-of-period population",93463,97416.7344253031
"Births",5411.42747380409,5225.7483015055
"Deaths",3921.11393335954,4105.1865134255
"Net migration",2463.42088485853,2321.10516727404
"End-of-period population",97416.7344253031,100858.401380657
"65 Hornsby",NA,NA
"Start-of-period population",71762,74791.203793599
"Births",4658.35802853251,4616.15435939455
"Deaths",2458.57212928825,2485.2790208996
"Net migration",829.417894354791,505.32784559097
"End-of-period population",74791.203793599,77427.406977685
"66 Ku-ring-gai",NA,NA
"Start-of-period population",107270,108486.332046276
"Births",4698.54133449,4100.46222579597
"Deaths",5146.5311927412,5566.4947879347
"Net migration",1664.32190452689,2212.6127445539
"End-of-period population",108486.332046276,109232.912228691
"67 North Sydney - Mosman",NA,NA
"Start-of-period population",85804,89308.7623897742
"Births",3568.13778190952,3675.85625592447
"Deaths",3338.94659648352,3247.65751874831
"Net migration",3275.57120434826,2609.78776751752
"End-of-period population",89308.7623897742,92346.7488944679
"68 Manly",NA,NA
"Start-of-period population",38428,39498.8967356163
"Births",2245.68791378543,2168.08683908138
"Deaths",1679.78957530848,1644.11360081316
"Net migration",504.9983971393,353.391108131386
"End-of-period population",39498.8967356163,40376.2610820159
"69 Pittwater",NA,NA
"Start-of-period population",56045,57647.0835370241
"Births",3220.1095273727,3047.66503662801
"Deaths",2392.59828507244,2463.07388985713
"Net migration",774.572294723867,733.835480181369
"End-of-period population",57647.0835370241,58965.5101639764
"70 Warringah",NA,NA
"Start-of-period population",135343,138598.198175915
"Births",8040.07046022029,7597.7471466853
"Deaths",5919.81142553703,6132.17052672162
"Net migration",1134.93914123197,1126.67208787682
"End-of-period population",138598.198175915,141190.446883756
"71 Camden",NA,NA
"Start-of-period population",39523,48629.0101692617
"Births",3726.94790845816,4073.52572956255
"Deaths",1047.02664042805,1289.00290736655
"Net migration",6426.08890123159,6485.65434202061
"End-of-period population",48629.0101692617,57899.1873334783
"72 Campbelltown (NSW)",NA,NA
"Start-of-period population",150579,154415.88348745
"Births",10974.8354249237,10497.2069678675
"Deaths",3206.92665539103,3778.51987883701
"Net migration",-3931.02528208301,-3627.3132914604
"End-of-period population",154415.88348745,157507.25728502
"73 Wollondilly",NA,NA
"Start-of-period population",33097,35713.0947171585
"Births",2409.59046414624,2407.74842491231
"Deaths",880.213665659665,1023.10996497045
"Net migration",1086.71791867194,1033.46112762455
"End-of-period population",35713.0947171585,38131.1943047249
"74 Blue Mountains",NA,NA
"Start-of-period population",76385,78428.6988047002
"Births",4520.35657384254,4313.76070998777
"Deaths",2827.57807256114,2979.81210929711
"Net migration",350.920303418772,328.06177168972
"End-of-period population",78428.6988047002,80090.7091770806
"75 Penrith",NA,NA
"Start-of-period population",121946,130155.104198681
"Births",9414.68249534866,9501.21452365999
"Deaths",2839.85751790064,3124.91978770191
"Net migration",1634.27922123332,1110.23817252648
"End-of-period population",130155.104198681,137641.637107166
"76 Richmond - Windsor",NA,NA
"Start-of-period population",35728,37884.0386241846
"Births",2896.03388084955,3022.99389885247
"Deaths",808.277940743871,590.396917753633
"Net migration",68.2826840789234,-485.354610163674
"End-of-period population",37884.0386241846,39831.2809951198
"77 St Marys",NA,NA
"Start-of-period population",53077,53785.2939871579
"Births",3904.15825236638,3697.95984932182
"Deaths",868.277356649253,601.508961603392
"Net migration",-2327.58690855924,-2625.2510976496
"End-of-period population",53785.2939871579,54256.4937772267
"78 Auburn",NA,NA
"Start-of-period population",59010,62653.6319441496
"Births",4315.12287996057,4400.77192765264
"Deaths",1866.43398558853,2003.6256204325
"Net migration",1194.94304977756,900.501857836207
"End-of-period population",62653.6319441496,65951.2801092059
"79 Carlingford",NA,NA
"Start-of-period population",57222,58505.8271146728
"Births",3157.49695134043,2770.13437422327
"Deaths",2203.14191651536,2436.60925759115
"Net migration",329.472079847723,673.499085421721
"End-of-period population",58505.8271146728,59512.8513167266
"80 Merrylands - Guildford",NA,NA
"Start-of-period population",123819,126048.635485572
"Births",8362.74958384913,7865.90658040905
"Deaths",4494.97477663853,5400.36390327456
"Net migration",-1638.13932163838,-813.236341410398
"End-of-period population",126048.635485572,127700.941821296
"81 Parramatta",NA,NA
"Start-of-period population",107468,111698.014460114
"Births",6807.15786801119,6710.17982343552
"Deaths",3925.16331165324,4217.06179188694
"Net migration",1348.01990375632,1156.66903627201
"End-of-period population",111698.014460114,115347.801527935
"82 Pennant Hills - Epping",NA,NA
"Start-of-period population",42302,43392.7241443584
"Births",1960.149874728,1745.21191739833
"Deaths",1827.6707149369,2103.08413050665
"Net migration",958.244984567288,1238.69477791665
"End-of-period population",43392.7241443584,44273.5467091667
"83 Ryde - Hunters Hill",NA,NA
"Start-of-period population",115210,118012.800312552
"Births",6476.51925618161,6268.60588338346
"Deaths",4806.81965138019,4483.03120899352
"Net migration",1133.1007077509,451.71014141459
"End-of-period population",118012.800312552,120250.085128357
"84 Bringelly - Green Valley",NA,NA
"Start-of-period population",71602,84929.9270238322
"Births",6250.47740895031,6638.40054135906
"Deaths",1406.02920820789,1618.47924052264
"Net migration",8483.47882308974,8232.13413809275
"End-of-period population",84929.9270238322,98181.9824627613
"85 Fairfield",NA,NA
"Start-of-period population",176933,181373.393347497
"Births",11586.5058903857,11072.385028322
"Deaths",4810.5705811391,5501.55255468467
"Net migration",-2335.54196174968,-2003.94109725547
"End-of-period population",181373.393347497,184940.284723879
"86 Liverpool",NA,NA
"Start-of-period population",90280,100215.951388948
"Births",7682.77789029337,8183.64128252167
"Deaths",2308.35599242161,2697.17465145907
"Net migration",4561.52949107625,3942.68213224797
"End-of-period population",100215.951388948,109645.100152259
"87 Cronulla - Miranda - Caringbah",NA,NA
"Start-of-period population",102827,106077.275025932
"Births",5450.26824477749,5186.97844512193
"Deaths",4501.41552527951,4887.17498029007
"Net migration",2301.42230643441,2419.56076235554
"End-of-period population",106077.275025932,108796.63925312
"88 Sutherland - Menai - Heathcote",NA,NA
"Start-of-period population",109074,114068.360135105
"Births",6806.34271464268,6530.08888543937
"Deaths",2695.94547127027,2221.30588196792
"Net migration",883.962891732317,78.4516109005261
"End-of-period population",114068.360135105,118455.594749477
"89 Ballarat",NA,NA
"Start-of-period population",84091,86369.5003445169
"Births",5286.9319515271,5042.22460874391
"Deaths",3365.80831983484,3625.0310733121
"Net migration",357.376712824685,440.093623710204
"End-of-period population",86369.5003445169,88226.787503659
"90 Creswick - Daylesford - Ballan",NA,NA
"Start-of-period population",25918,26536.678876536
"Births",1497.05487465488,1399.5861939271
"Deaths",976.023407672067,1012.95320188774
"Net migration",97.647409553176,105.266833103211
"End-of-period population",26536.678876536,27028.5787016786
"91 Maryborough - Pyrenees",NA,NA
"Start-of-period population",23952,24245.2335202953
"Births",1187.49195322143,1092.9628671768
"Deaths",1084.72018374696,1103.27159618629
"Net migration",190.461750820794,197.698564489089
"End-of-period population",24245.2335202953,24432.6233557749
"92 Bendigo",NA,NA
"Start-of-period population",76312,79404.5241290725
"Births",4702.55144845881,4521.11538462999
"Deaths",3249.76774842881,3546.60447730277
"Net migration",1639.7404290424,1703.54124319965
"End-of-period population",79404.5241290725,82082.5762795993
"93 Heathcote - Castlemaine - Kyneton",NA,NA
"Start-of-period population",39809,41155.0868966392
"Births",2096.95304275825,1918.95635380085
"Deaths",1703.72283840209,1762.96339776935
"Net migration",952.85669228309,981.734114851974
"End-of-period population",41155.0868966392,42292.8139675227
"94 Loddon - Elmore",NA,NA
"Start-of-period population",11933,11585.5373106799
"Births",616.300804149431,524.141906834226
"Deaths",557.725087888946,568.289319624169
"Net migration",-406.038405580566,-337.12597398582
"End-of-period population",11585.5373106799,11204.2639239042
"95 Barwon - West",NA,NA
"Start-of-period population",13098,14115.9960927353
"Births",834.679043320413,792.416337360276
"Deaths",349.953448411089,316.934146336828
"Net migration",533.270497825966,464.174885601447
"End-of-period population",14115.9960927353,15055.6531693602
"96 Geelong",NA,NA
"Start-of-period population",159583,163039.354115742
"Births",9447.97494427266,8929.69784973942
"Deaths",6849.26200008693,7534.56099674335
"Net migration",857.64117155597,1294.02187118553
"End-of-period population",163039.354115742,165728.512839923
"97 Surf Coast - Bellarine Peninsula",NA,NA
"Start-of-period population",50288,53786.4940271527
"Births",2782.3522313031,2731.26707046291
"Deaths",2312.83068510992,2313.83721146678
"Net migration",3028.97248095951,2782.1449972626
"End-of-period population",53786.4940271527,56986.0688834114
"98 Upper Goulburn Valley",NA,NA
"Start-of-period population",46428,47424.0469769611
"Births",2519.29252809358,2293.55409471899
"Deaths",1988.53514406728,2224.73022307884
"Net migration",465.289592934838,704.388800249379
"End-of-period population",47424.0469769611,48197.2596488507
"99 Wangaratta - Benalla",NA,NA
"Start-of-period population",43571,44003.4870452286
"Births",2374.53710543164,2198.33182200796
"Deaths",2061.80987120801,2219.52053249348
"Net migration",119.759811004993,265.556502603384
"End-of-period population",44003.4870452286,44247.8548373465
"100 Wodonga - Alpine",NA,NA
"Start-of-period population",62110,64282.3564247586
"Births",3846.33481718628,3572.77154759575
"Deaths",2256.17036874451,2531.90994113236
"Net migration",582.19197631684,804.165784703274
"End-of-period population",64282.3564247586,66127.3838159253
"101 Baw Baw",NA,NA
"Start-of-period population",35933,37026.9989163835
"Births",2112.86454719607,1977.57177973769
"Deaths",1405.89554198363,1511.54167687905
"Net migration",387.029911171025,443.827636200627
"End-of-period population",37026.9989163835,37936.8566554427
"102 Gippsland - East",NA,NA
"Start-of-period population",39017,40000.2568064505
"Births",1953.23813796335,1813.5521234351
"Deaths",1965.3731438465,2139.9715841161
"Net migration",995.391812333682,1116.903950714
"End-of-period population",40000.2568064505,40790.7412964835
"103 Gippsland - South West",NA,NA
"Start-of-period population",51155,53169.1693916061
"Births",2672.45756101179,2544.45969414828
"Deaths",2545.94977025478,2659.88588301653
"Net migration",1887.66160084909,1853.38721244454
"End-of-period population",53169.1693916061,54907.1304151824
"104 Latrobe Valley",NA,NA
"Start-of-period population",69435,68279.0580654115
"Births",4181.84395968676,3717.56944425126
"Deaths",2510.07678717837,2827.86409141918
"Net migration",-2827.70910709692,-2308.23119326723
"End-of-period population",68279.0580654115,66860.5322249763
"105 Wellington",NA,NA
"Start-of-period population",40661,40337.2711059836
"Births",2334.34112913244,2176.57466323563
"Deaths",1560.53950692583,1621.172154554
"Net migration",-1097.53051622303,-1049.06579078514
"End-of-period population",40337.2711059836,39843.6078238801
"106 Brunswick - Coburg",NA,NA
"Start-of-period population",72096,71978.7851403795
"Births",3806.63857041425,3668.05411357423
"Deaths",2657.05666087601,2527.56439697988
"Net migration",-1266.79676915871,-1570.10012062722
"End-of-period population",71978.7851403795,71549.1747363466
"107 Darebin - South",NA,NA
"Start-of-period population",46091,46454.1885305883
"Births",2509.65049199538,2379.74790964678
"Deaths",1765.22330268868,1758.08806648427
"Net migration",-381.238658718351,-458.881096728281
"End-of-period population",46454.1885305883,46616.9672770226
"108 Essendon",NA,NA
"Start-of-period population",57155,58258.144568426
"Births",3350.84666864785,3218.82152563088
"Deaths",2395.14328336836,2449.35906668002
"Net migration",147.441183146556,64.2047084908137
"End-of-period population",58258.144568426,59091.8117358677
"109 Melbourne City",NA,NA
"Start-of-period population",55399,61759.6125542489
"Births",2071.96026494936,2253.89073636071
"Deaths",1501.93918405506,1610.72084314054
"Net migration",5790.59147335463,5413.51657764018
"End-of-period population",61759.6125542489,67816.2990251093
"110 Port Phillip",NA,NA
"Start-of-period population",80054,83889.0834974223
"Births",3001.32993833092,2988.1596203697
"Deaths",2738.74680649857,2619.29637450497
"Net migration",3572.50036558992,3016.68520464603
"End-of-period population",83889.0834974223,87274.6319479331
"111 Stonnington - West",NA,NA
"Start-of-period population",51460,52888.6441432572
"Births",1722.75605998293,1658.49147618323
"Deaths",2114.85348794369,2124.00158079616
"Net migration",1820.74157121792,1635.17981053554
"End-of-period population",52888.6441432572,54058.3138491798
"112 Yarra",NA,NA
"Start-of-period population",69294,71624.2735337123
"Births",2860.56383762138,2825.31214383479
"Deaths",2041.79442676887,2100.27393440113
"Net migration",1511.5041228598,1242.95512338397
"End-of-period population",71624.2735337123,73592.26686653
"113 Boroondara",NA,NA
"Start-of-period population",156246,159797.591610212
"Births",7645.82541225148,7330.22925506355
"Deaths",7250.92859315965,7020.45730966131
"Net migration",3156.69479112012,2484.24756614485
"End-of-period population",159797.591610212,162591.611121759
"114 Manningham - West",NA,NA
"Start-of-period population",87398,87637.0321461972
"Births",3941.89698814163,3539.79268424142
"Deaths",3494.92071669893,3981.14007693383
"Net migration",-207.944125245538,298.267392399507
"End-of-period population",87637.0321461972,87493.9521459042
"115 Whitehorse - West",NA,NA
"Start-of-period population",90188,91966.5219038728
"Births",5118.84038180102,4829.13178068919
"Deaths",4521.51856422596,4783.70717227987
"Net migration",1181.20008629772,1306.36772399432
"End-of-period population",91966.5219038728,93318.3142362764
"116 Bayside",NA,NA
"Start-of-period population",88262,89935.3956194905
"Births",4727.41537148706,4424.28918960248
"Deaths",4718.33406546595,4675.08753642126
"Net migration",1664.31431346934,1509.25906273391
"End-of-period population",89935.3956194905,91193.8563354056
"117 Glen Eira",NA,NA
"Start-of-period population",128728,131901.913828205
"Births",7087.14630610431,6772.10937791414
"Deaths",6192.66835439586,6049.14033854723
"Net migration",2279.43587649678,1817.51199544626
"End-of-period population",131901.913828205,134442.394863018
"118 Kingston",NA,NA
"Start-of-period population",98576,102369.885401436
"Births",5515.38799164798,5238.97108977474
"Deaths",4802.74559130437,5344.40728970629
"Net migration",3081.24300109193,3369.54126824749
"End-of-period population",102369.885401436,105633.990469751
"119 Stonnington - East",NA,NA
"Start-of-period population",37964,38566.5891576523
"Births",2082.95218803071,1985.62930472172
"Deaths",1629.7804017532,1594.03331487137
"Net migration",149.417371374805,37.3239138220641
"End-of-period population",38566.5891576523,38995.5090613247
"120 Banyule",NA,NA
"Start-of-period population",117967,118708.864110703
"Births",6384.4674117839,6007.19565750418
"Deaths",4855.94051024585,5138.01371157269
"Net migration",-786.662790834672,-642.083202120576
"End-of-period population",118708.864110703,118935.962854514
"121 Darebin - North",NA,NA
"Start-of-period population",80976,81481.8504504906
"Births",4620.67291526938,4355.28662746905
"Deaths",3731.92334479913,3896.44163840734
"Net migration",-382.899119979628,-306.369633660431
"End-of-period population",81481.8504504906,81634.3258058919
"122 Nillumbik - Kinglake",NA,NA
"Start-of-period population",64121,67642.1010360615
"Births",4271.21027277437,4175.25500007113
"Deaths",1376.24950722348,1517.10605217617
"Net migration",626.140270510625,493.80053087571
"End-of-period population",67642.1010360615,70794.0505148322
"123 Whittlesea - Wallan",NA,NA
"Start-of-period population",125306,134566.49729973
"Births",8769.44589839414,8526.29776077893
"Deaths",3001.87123236292,3678.86217509223
"Net migration",3492.92263369856,3664.99852425957
"End-of-period population",134566.49729973,143078.931409676
"124 Keilor",NA,NA
"Start-of-period population",56978,57069.0859257325
"Births",2629.95975443416,2334.33310469064
"Deaths",2271.31910340658,2771.30749975391
"Net migration",-267.55472529504,279.228015235398
"End-of-period population",57069.0859257325,56911.3395459047
"125 Macedon Ranges",NA,NA
"Start-of-period population",23467,25385.6614986672
"Births",1564.36728347192,1515.5161209868
"Deaths",629.045542510461,757.032443135333
"Net migration",983.339757705744,1019.82864122272
"End-of-period population",25385.6614986672,27163.9738177414
"126 Moreland - North",NA,NA
"Start-of-period population",62672,62792.6855667195
"Births",3652.64147202375,3312.5179005666
"Deaths",3128.48445434535,3440.31446072261
"Net migration",-403.471450958942,-25.3294527535405
"End-of-period population",62792.6855667195,62639.5595538099
"127 Sunbury",NA,NA
"Start-of-period population",30508,33351.2050617617
"Births",2331.41948685547,2333.62016877192
"Deaths",741.49293620267,917.773719027016
"Net migration",1253.27851110893,1247.02814921344
"End-of-period population",33351.2050617617,36014.0796607201
"128 Tullamarine - Broadmeadows",NA,NA
"Start-of-period population",106571,115128.908169626
"Births",8434.57024270118,8254.38896744749
"Deaths",2240.06551947219,2753.0635346311
"Net migration",2363.40344639713,2419.04872156044
"End-of-period population",115128.908169626,123049.282324003
"129 Knox",NA,NA
"Start-of-period population",146562,153543.991850749
"Births",9310.19837170331,8950.49243887865
"Deaths",4386.73843322673,4989.19454823861
"Net migration",2058.53191227216,2198.57834381262
"End-of-period population",153543.991850749,159703.868085201
"130 Manningham - East",NA,NA
"Start-of-period population",25724,27647.5208717887
"Births",1308.55183859024,1248.51827919201
"Deaths",737.719212309941,741.139408763283
"Net migration",1352.6882455084,1262.48249962294
"End-of-period population",27647.5208717887,29417.3822418404
"131 Maroondah",NA,NA
"Start-of-period population",99296,102389.170062702
"Births",6196.65943840019,5893.15994526964
"Deaths",3750.34871216676,4231.65679480941
"Net migration",646.859336469014,920.485691857207
"End-of-period population",102389.170062702,104971.15890502
"132 Whitehorse - East",NA,NA
"Start-of-period population",56673,56582.3965721662
"Births",3013.64274759377,2763.54111731445
"Deaths",2411.26104439012,2629.65304982638
"Net migration",-692.98513103747,-470.081705094182
"End-of-period population",56582.3965721662,56246.2029345601
"133 Yarra Ranges",NA,NA
"Start-of-period population",140972,144066.209369532
"Births",9143.30923994318,8921.03718105292
"Deaths",3909.32428377232,3778.52684977299
"Net migration",-2139.77558663929,-2727.60215062491
"End-of-period population",144066.209369532,146481.117550187
"134 Cardinia",NA,NA
"Start-of-period population",46967,50573.819260055
"Births",3326.87356496095,3158.67856455775
"Deaths",1350.63167963921,1433.07893546012
"Net migration",1630.57737473322,1600.38961115044
"End-of-period population",50573.819260055,53899.8085003031
"135 Casey - North",NA,NA
"Start-of-period population",104094,117098.234273987
"Births",8204.65164461804,8351.47931265368
"Deaths",2635.9381376705,3287.96077222048
"Net migration",7435.52076703925,7404.758189004
"End-of-period population",117098.234273987,129566.511003424
"136 Casey - South",NA,NA
"Start-of-period population",76350,88638.8768340116
"Births",6915.40401204075,7105.7866881856
"Deaths",1517.18929904697,1869.29203381388
"Net migration",6890.66212101784,6809.60218415194
"End-of-period population",88638.8768340116,100684.973672535
"137 Dandenong",NA,NA
"Start-of-period population",162211,161284.86550642
"Births",9050.01376866561,8502.36841549931
"Deaths",5404.47920078911,5451.46878848431
"Net migration",-4571.66906145627,-4665.96340921199
"End-of-period population",161284.86550642,159669.801724223
"138 Monash",NA,NA
"Start-of-period population",155753,155612.166550614
"Births",6950.4211218039,6412.89973619206
"Deaths",6434.03953725593,7016.25969844889
"Net migration",-657.215033933841,-213.950831383625
"End-of-period population",155612.166550614,154794.855756974
"139 Brimbank",NA,NA
"Start-of-period population",157872,167896.594335551
"Births",10438.8657566278,10306.0227522143
"Deaths",4054.37868209251,4454.14880451301
"Net migration",3640.1072610156,3243.63076481628
"End-of-period population",167896.594335551,176992.099048068
"140 Hobsons Bay",NA,NA
"Start-of-period population",78274,82250.8393441984
"Births",5079.82497351729,4885.68654889429
"Deaths",2902.62058143215,3227.12335425465
"Net migration",1799.63495211328,1873.83393698538
"End-of-period population",82250.8393441984,85783.2364758234
"141 Maribyrnong",NA,NA
"Start-of-period population",60848,60842.3679812703
"Births",3637.68657521971,3483.4664212584
"Deaths",2393.60055108688,2314.89380675321
"Net migration",-1249.71804286252,-1439.07501525653
"End-of-period population",60842.3679812703,60571.865580519
"142 Melton - Bacchus Marsh",NA,NA
"Start-of-period population",65112,72928.8643397161
"Births",4994.9386429103,5192.87148786397
"Deaths",1313.47336809633,1443.0724369044
"Net migration",4135.39906490208,3720.48917237964
"End-of-period population",72928.8643397161,80399.1525630553
"143 Wyndham",NA,NA
"Start-of-period population",91184,100049.107882892
"Births",6948.92706411489,6950.07209322236
"Deaths",2000.70646210961,2394.31284054618
"Net migration",3916.88728088715,3774.88119775652
"End-of-period population",100049.107882892,108379.748333325
"144 Frankston",NA,NA
"Start-of-period population",113306,117467.244572911
"Births",7195.48311910378,6891.9973672948
"Deaths",4202.80614668172,4528.74229095003
"Net migration",1168.56760048869,1194.8586995715
"End-of-period population",117467.244572911,121025.358348827
"145 Mornington Peninsula",NA,NA
"Start-of-period population",131574,140348.083943879
"Births",7284.13549896907,6992.16068531138
"Deaths",6664.91006959879,7296.09531560516
"Net migration",8154.8585145087,8299.17951706141
"End-of-period population",140348.083943879,148343.328830647
"146 Grampians",NA,NA
"Start-of-period population",61983,60983.2464856364
"Births",3491.39865597877,3148.60471193814
"Deaths",3081.5598342085,3213.09090187226
"Net migration",-1409.59233613386,-1171.51601821594
"End-of-period population",60983.2464856364,59747.2442774863
"147 Mildura",NA,NA
"Start-of-period population",48865,50853.7972591728
"Births",3489.98739927361,3385.80122329856
"Deaths",1830.34333186531,1937.16967988672
"Net migration",329.153191764493,274.532995028284
"End-of-period population",50853.7972591728,52576.9617976129
"148 Murray River - Swan Hill",NA,NA
"Start-of-period population",40118,39442.6372735845
"Births",2522.9447744711,2307.02062317318
"Deaths",1868.53242729693,1925.80265475979
"Net migration",-1329.77507358965,-1207.85817607
"End-of-period population",39442.6372735845,38615.9970659279
"149 Campaspe",NA,NA
"Start-of-period population",36030,37092.5118159688
"Births",2355.01353198245,2220.04410822465
"Deaths",1600.61204220604,1714.13434758367
"Net migration",308.110326192438,373.127358068313
"End-of-period population",37092.5118159688,37971.5489346781
"150 Moira",NA,NA
"Start-of-period population",26404,27116.9113115425
"Births",1617.15779790426,1525.74963169015
"Deaths",1285.11191202987,1365.82418273425
"Net migration",380.865425668102,420.817368185062
"End-of-period population",27116.9113115425,27697.6541286834
"151 Shepparton",NA,NA
"Start-of-period population",57005,59354.8676148439
"Births",3945.6512593401,3790.30068559416
"Deaths",2079.17180680218,2245.12617449904
"Net migration",483.388162306019,494.00617740773
"End-of-period population",59354.8676148439,61394.0483033468
"152 Glenelg - Southern Grampians",NA,NA
"Start-of-period population",37043,36206.4062288026
"Births",2095.78463451389,1869.71648501388
"Deaths",1712.20416205023,1778.37189936917
"Net migration",-1220.17424366103,-1053.35674599417
"End-of-period population",36206.4062288026,35244.3940684532
"153 Warrnambool - Otway Ranges",NA,NA
"Start-of-period population",82624,83395.7925918239
"Births",5153.89129882316,4773.05561926206
"Deaths",3600.58034448398,3825.12572158015
"Net migration",-781.518362515306,-533.69314743647
"End-of-period population",83395.7925918239,83810.0293420693
"154 Capalaba",NA,NA
"Start-of-period population",67254,73402.00518877
"Births",4464.56556940569,4462.6899890472
"Deaths",1801.88809344211,2163.18556995239
"Net migration",3485.3277128064,3449.77733571839
"End-of-period population",73402.00518877,79151.2869435832
"155 Cleveland - Stradbroke",NA,NA
"Start-of-period population",55390,63033.2446114265
"Births",3141.70276274876,3240.55748737757
"Deaths",2432.58681687928,2862.52975793614
"Net migration",6934.128665557,7011.75156456421
"End-of-period population",63033.2446114265,70423.0239054321
"156 Wynnum - Manly",NA,NA
"Start-of-period population",51802,55169.1305444903
"Births",3427.53140274023,3382.5729117582
"Deaths",2116.20481572282,2111.48694734842
"Net migration",2055.80395747286,1790.30109782678
"End-of-period population",55169.1305444903,58230.5176067268
"157 Bald Hills - Everton Park",NA,NA
"Start-of-period population",32667,36223.2123627851
"Births",1922.6399558994,1933.40543865201
"Deaths",1120.88191763951,1331.52650629029
"Net migration",2754.45432452522,2770.00581810037
"End-of-period population",36223.2123627851,39595.0971132472
"158 Chermside",NA,NA
"Start-of-period population",60859,61171.0440784063
"Births",3299.65021821843,3103.18405811358
"Deaths",2978.57235218192,2989.04463490717
"Net migration",-9.03378763017968,-68.0722982473658
"End-of-period population",61171.0440784063,61217.1112033654
"159 Nundah",NA,NA
"Start-of-period population",29590,30661.4930452696
"Births",1679.85469294036,1608.52338159496
"Deaths",1200.01239196367,1247.40797635852
"Net migration",591.650744292926,553.323464480675
"End-of-period population",30661.4930452696,31575.9319149867
"160 Sandgate",NA,NA
"Start-of-period population",46411,48987.6476987704
"Births",2916.60547793583,2835.21129830019
"Deaths",1919.47371566384,1941.61049582683
"Net migration",1579.51593649844,1415.35807299851
"End-of-period population",48987.6476987704,51296.6065742423
"161 Carindale",NA,NA
"Start-of-period population",42190,45210.118012128
"Births",2569.23591215833,2521.45945610394
"Deaths",1590.53951269992,1774.83182317758
"Net migration",2041.42161266961,2022.1292952238
"End-of-period population",45210.118012128,47978.8749402782
"162 Holland Park - Yeronga",NA,NA
"Start-of-period population",57293,58339.7166995763
"Births",3125.65607490695,3012.78894017233
"Deaths",2263.8893356303,2111.82091933414
"Net migration",184.949960299643,-122.000964174437
"End-of-period population",58339.7166995763,59118.68375624
"163 Mt Gravatt",NA,NA
"Start-of-period population",58493,61651.4869881662
"Births",3167.04392635019,3099.98028707754
"Deaths",2205.33159714353,2421.33652268595
"Net migration",2196.77465895951,2144.0663869467
"End-of-period population",61651.4869881662,64474.1971395045
"164 Nathan",NA,NA
"Start-of-period population",33332,33621.2230554902
"Births",1839.32830834378,1746.65466528562
"Deaths",1402.54110292538,1407.08711467076
"Net migration",-147.564149928167,-194.926605810107
"End-of-period population",33621.2230554902,33765.864000295
"165 Rocklea - Acacia Ridge",NA,NA
"Start-of-period population",36140,41719.0186311818
"Births",2648.19234506176,2761.37599920175
"Deaths",844.586282384363,1045.10739095255
"Net migration",3775.41256850441,3731.49948122943
"End-of-period population",41719.0186311818,47166.7867206604
"166 Sunnybank",NA,NA
"Start-of-period population",41010,45173.2985606499
"Births",2404.41774326465,2433.70459719203
"Deaths",1163.98946573507,1334.27422015626
"Net migration",2922.8702831203,2826.26099875279
"End-of-period population",45173.2985606499,49098.9899364384
"167 Centenary",NA,NA
"Start-of-period population",30047,32837.2747229032
"Births",1812.77542416266,1818.55430416578
"Deaths",907.833051096192,1024.48433300167
"Net migration",1885.33234983675,1818.49434338509
"End-of-period population",32837.2747229032,35449.8390374524
"168 Kenmore - Brookfield - Moggill",NA,NA
"Start-of-period population",37492,39950.4593004264
"Births",1979.91760133142,1951.26042978677
"Deaths",1243.51220983617,1391.09863852172
"Net migration",1722.05390893111,1676.78557428253
"End-of-period population",39950.4593004264,42187.4066659739
"169 Sherwood - Indooroopilly",NA,NA
"Start-of-period population",42207,43341.2281269194
"Births",1745.3303896588,1721.38536767043
"Deaths",1647.91658098434,1600.21157195173
"Net migration",1036.81431824493,801.972877016339
"End-of-period population",43341.2281269194,44264.3747996544
"170 The Gap - Enoggera",NA,NA
"Start-of-period population",42089,43800.5473915191
"Births",2513.92393629073,2438.75283516825
"Deaths",1404.71545321521,1510.53780341532
"Net migration",602.338908443573,554.57426412657
"End-of-period population",43800.5473915191,45283.3366873986
"171 Brisbane Inner",NA,NA
"Start-of-period population",39013,42045.0042903692
"Births",1058.2923110939,1092.98818761233
"Deaths",1572.69587847478,1570.03024660863
"Net migration",3546.40785775004,3275.71017141756
"End-of-period population",42045.0042903692,44843.6724027904
"172 Brisbane Inner - East",NA,NA
"Start-of-period population",30983,32002.2558817306
"Births",1755.24783719889,1695.40032921915
"Deaths",1045.21820326936,1002.55963907361
"Net migration",309.226247801031,165.151859369819
"End-of-period population",32002.2558817306,32860.2484312459
"173 Brisbane Inner - North",NA,NA
"Start-of-period population",63290,65312.9464883436
"Births",3280.03581282054,3157.88475460647
"Deaths",2365.08965368495,2234.85104523898
"Net migration",1108.00032920797,772.404817915064
"End-of-period population",65312.9464883436,67008.3850156261
"174 Brisbane Inner - West",NA,NA
"Start-of-period population",47397,48858.5978865596
"Births",2409.79664448202,2308.39625094903
"Deaths",1464.03807086641,1404.76418603753
"Net migration",515.839312943961,314.456610904137
"End-of-period population",48858.5978865596,50076.6865623752
"175 Cairns - North",NA,NA
"Start-of-period population",34441,38440.377177695
"Births",2445.05611319441,2497.74999015719
"Deaths",714.484024904287,831.447582165626
"Net migration",2268.80508940485,2145.45387746862
"End-of-period population",38440.377177695,42252.1334631552
"176 Cairns - South",NA,NA
"Start-of-period population",77296,83271.7284517155
"Births",5451.42364685933,5373.06479417259
"Deaths",2266.01080363441,2571.29469828395
"Net migration",2790.31560849061,2711.70340079909
"End-of-period population",83271.7284517155,88785.2019484032
"177 Innisfail - Cassowary Coast",NA,NA
"Start-of-period population",35408,36902.6227906148
"Births",2411.85283145058,2324.76630680775
"Deaths",1186.92976652111,1266.75649245579
"Net migration",269.699725685352,242.703368717373
"End-of-period population",36902.6227906148,38203.3359736841
"178 Port Douglas - Daintree",NA,NA
"Start-of-period population",10224,11336.01073289
"Births",702.022920080252,707.365986924534
"Deaths",284.463616519189,321.324127537004
"Net migration",694.45142932892,668.255006514129
"End-of-period population",11336.01073289,12390.3075987916
"179 Tablelands (East) - Kuranda",NA,NA
"Start-of-period population",34473,35766.7557785479
"Births",2104.69820483675,1986.77168283101
"Deaths",1376.5358819356,1522.85853963629
"Net migration",565.593455646765,645.526449715348
"End-of-period population",35766.7557785479,36876.195371458
"180 Darling Downs (West) - Maranoa",NA,NA
"Start-of-period population",41698,41586.6558226335
"Births",3275.22102871474,3007.33384498833
"Deaths",1356.79917248203,1400.85756849576
"Net migration",-2029.76603359925,-1897.77300908271
"End-of-period population",41586.6558226335,41295.3590900433
"181 Darling Downs - East",NA,NA
"Start-of-period population",38228,38830.1255024111
"Births",2713.23347819977,2534.44607325142
"Deaths",1400.59967073394,1422.16552464566
"Net migration",-710.508305054704,-684.836980610458
"End-of-period population",38830.1255024111,39257.5690704064
"182 Granite Belt",NA,NA
"Start-of-period population",34893,35753.638748767
"Births",2241.19564489468,2103.66353600608
"Deaths",1443.71892092769,1462.49734049026
"Net migration",63.1620248000572,47.7625839989557
"End-of-period population",35753.638748767,36442.5675282818
"183 Central Highlands (Qld)",NA,NA
"Start-of-period population",25595,25541.0796301938
"Births",2257.38148463357,2157.11466582234
"Deaths",452.573863783608,495.535951281626
"Net migration",-1858.72799065615,-1826.20798217484
"End-of-period population",25541.0796301938,25376.4503625597
"184 Gladstone - Biloela",NA,NA
"Start-of-period population",61013,63482.0119248393
"Births",4406.66537747662,4214.13096991929
"Deaths",1576.14162636775,1764.53110473566
"Net migration",-361.511826269555,-311.870449204347
"End-of-period population",63482.0119248393,65619.7413408186
"185 Rockhampton",NA,NA
"Start-of-period population",96343,99606.7402466889
"Births",6049.91782341043,5747.6167655751
"Deaths",3516.22863355405,3697.79644558695
"Net migration",730.051056832479,709.472087917605
"End-of-period population",99606.7402466889,102366.032654595
"186 Broadbeach - Burleigh",NA,NA
"Start-of-period population",55021,58508.973149756
"Births",2333.36189136603,2266.11534211527
"Deaths",2772.23336981228,2878.96912751168
"Net migration",3926.84462820225,3777.09267361168
"End-of-period population",58508.973149756,61673.2120379713
"187 Coolangatta",NA,NA
"Start-of-period population",46644,50420.7074945236
"Births",2261.50745660429,2247.57002763198
"Deaths",2273.49168659106,2443.86754349196
"Net migration",3788.69172451034,3693.99253947845
"End-of-period population",50420.7074945236,53918.402518142
"188 Gold Coast - North",NA,NA
"Start-of-period population",52268,58614.6540975759
"Births",2789.85466740175,2812.32766449953
"Deaths",2657.30558840697,2953.20995743169
"Net migration",6214.10501858113,6211.77375471731
"End-of-period population",58614.6540975759,64685.545559361
"189 Gold Coast Hinterland",NA,NA
"Start-of-period population",14088,15641.3054328022
"Births",796.323267412317,743.578045912627
"Deaths",459.758575128428,530.489673123128
"Net migration",1216.7407405183,1261.20167264122
"End-of-period population",15641.3054328022,17115.5954782329
"190 Mudgeeraba - Tallebudgera",NA,NA
"Start-of-period population",23936,29493.8911763063
"Births",1747.04629399087,1903.30474413334
"Deaths",599.169014359126,785.759615800717
"Net migration",4410.01389667451,4545.75785020337
"End-of-period population",29493.8911763063,35157.1941548423
"191 Nerang",NA,NA
"Start-of-period population",45036,51160.1272071767
"Births",3268.66970139875,3362.49884547206
"Deaths",1364.44813769901,1470.06503218934
"Net migration",4219.9056434769,4021.18394497859
"End-of-period population",51160.1272071767,57073.7449654379
"192 Ormeau - Oxenford",NA,NA
"Start-of-period population",45959,56447.1894697032
"Births",3720.56775694551,4118.36562038972
"Deaths",1180.4000265987,1395.45718232021
"Net migration",7948.02173935644,7942.36620180674
"End-of-period population",56447.1894697032,67112.4641095795
"193 Robina",NA,NA
"Start-of-period population",29690,38602.7438893176
"Births",1935.99709207436,2158.6469671124
"Deaths",1100.99565241591,1638.41808445569
"Net migration",8077.74244965919,8853.18328562508
"End-of-period population",38602.7438893176,47976.1560575994
"194 Southport",NA,NA
"Start-of-period population",46673,51534.3306196109
"Births",2611.49517335922,2654.40074711503
"Deaths",2074.08180674629,2253.07190801627
"Net migration",4323.91725299797,4191.87500886427
"End-of-period population",51534.3306196109,56127.5344675739
"195 Surfers Paradise",NA,NA
"Start-of-period population",30862,33543.3695439594
"Births",1102.92628151833,1120.39238604473
"Deaths",1356.299942256,1399.64425887531
"Net migration",2934.7432046971,2776.61558539284
"End-of-period population",33543.3695439594,36040.7332565217
"196 Forest Lake - Oxley",NA,NA
"Start-of-period population",51476,57372.6133419168
"Births",4004.80663069622,3953.73236191097
"Deaths",1530.98032330538,1678.10215752001
"Net migration",3422.78703452593,3338.18845282764
"End-of-period population",57372.6133419168,62986.4319991354
"197 Ipswich Hinterland",NA,NA
"Start-of-period population",47490,50684.1018857837
"Births",3071.05695386435,3004.91600530115
"Deaths",1589.46288110102,1700.47343313425
"Net migration",1712.50781302038,1608.29080832596
"End-of-period population",50684.1018857837,53596.8352662766
"198 Ipswich Inner",NA,NA
"Start-of-period population",80660,82767.4146734089
"Births",5708.62222384299,5435.08189084628
"Deaths",3045.08035540604,3996.62677262729
"Net migration",-556.127195028045,267.726516611891
"End-of-period population",82767.4146734089,84473.5963082398
"199 Springfield - Redbank",NA,NA
"Start-of-period population",37562,40436.1474506185
"Births",3216.19276202081,3177.44276250577
"Deaths",679.016033808511,786.451663371505
"Net migration",336.970722406238,258.585380785767
"End-of-period population",40436.1474506185,43085.7239305386
"200 Beaudesert",NA,NA
"Start-of-period population",9977,10211.4972496013
"Births",568.681219356045,550.724504063282
"Deaths",373.362446734366,328.229452938099
"Net migration",39.1784769795993,-36.6636169773313
"End-of-period population",10211.4972496013,10397.3286837491
"201 Beenleigh",NA,NA
"Start-of-period population",30985,33627.0718631672
"Births",2283.53560097442,2273.79357839143
"Deaths",918.58728836999,1038.77585427644
"Net migration",1277.12355056281,1222.0660386913
"End-of-period population",33627.0718631672,36084.1556259735
"202 Browns Plains",NA,NA
"Start-of-period population",61411,68600.7225086399
"Births",5437.64734802614,5601.90235069875
"Deaths",1059.85758364474,1296.72108965631
"Net migration",2811.93274425855,2551.78034049515
"End-of-period population",68600.7225086399,75457.6841101775
"203 Jimboomba",NA,NA
"Start-of-period population",25159,28964.6933557701
"Births",2065.47199314769,2164.26250494431
"Deaths",463.197952833085,582.527985785616
"Net migration",2203.41931545552,2127.58802921696
"End-of-period population",28964.6933557701,32674.0159041458
"204 Loganlea - Carbrook",NA,NA
"Start-of-period population",45987,51025.9081468255
"Births",3284.41357596788,3350.91330008362
"Deaths",1061.64488157841,1365.30523702903
"Net migration",2816.13945243606,2794.59709488886
"End-of-period population",51025.9081468255,55806.113304769
"205 Springwood - Kingston",NA,NA
"Start-of-period population",70809,69442.8628764747
"Births",4550.67168440873,4103.58720039207
"Deaths",1680.4566545442,1842.8588905546
"Net migration",-4236.35215338983,-3883.03336763951
"End-of-period population",69442.8628764747,67820.5578186726
"206 Bowen Basin - North",NA,NA
"Start-of-period population",30340,28892.1761503247
"Births",2171.01678293256,1950.98563428177
"Deaths",796.667250027498,860.950468353973
"Net migration",-2822.17338258031,-2555.80894087507
"End-of-period population",28892.1761503247,27426.4023753775
"207 Mackay",NA,NA
"Start-of-period population",89337,94743.2116156861
"Births",6143.71522642963,5987.37332791655
"Deaths",2711.88556749565,2984.12127636501
"Net migration",1974.38195675217,1880.65736927953
"End-of-period population",94743.2116156861,99627.1210365172
"208 Whitsunday",NA,NA
"Start-of-period population",15225,16746.0768909124
"Births",962.04852250424,959.618754138466
"Deaths",396.771131883525,456.58706516564
"Net migration",955.799500291655,929.420122001151
"End-of-period population",16746.0768909124,18178.5287018863
"209 Bribie - Beachmere",NA,NA
"Start-of-period population",23913,27081.7222345407
"Births",1013.23468634211,1007.3393052555
"Deaths",1465.58132652893,1712.49274439202
"Net migration",3621.06887472752,3758.24671114411
"End-of-period population",27081.7222345407,30134.8155065483
"210 Caboolture",NA,NA
"Start-of-period population",40823,47048.1996781446
"Births",3207.80656513205,3368.6757960183
"Deaths",1364.44736693143,1654.73560884738
"Net migration",4381.84047994401,4358.04668535227
"End-of-period population",47048.1996781446,53120.1865506678
"211 Caboolture Hinterland",NA,NA
"Start-of-period population",9627,10467.240868209
"Births",604.152373760953,622.892234108539
"Deaths",304.739958549725,310.180815300034
"Net migration",540.828452997811,470.153279891051
"End-of-period population",10467.240868209,11250.1055669086
"212 Narangba - Burpengary",NA,NA
"Start-of-period population",42620,49455.72192535
"Births",3530.94579314532,3664.35073780853
"Deaths",1022.81071590967,1237.55523459685
"Net migration",4327.58684811432,4271.67289608542
"End-of-period population",49455.72192535,56154.1903246471
"213 Redcliffe",NA,NA
"Start-of-period population",49287,50001.3995649858
"Births",2463.39930623583,2295.24173086841
"Deaths",2615.8253371413,2628.16966826442
"Net migration",866.825595891265,824.729454389122
"End-of-period population",50001.3995649858,50493.2010819789
"214 Hills District",NA,NA
"Start-of-period population",63265,70997.2745785704
"Births",4607.70716858757,4618.23215111647
"Deaths",1297.29835194326,1621.23873745232
"Net migration",4421.8657619261,4403.26418772645
"End-of-period population",70997.2745785704,78397.532179961
"215 North Lakes",NA,NA
"Start-of-period population",24223,27811.3453233329
"Births",1990.25761244392,2021.02030253299
"Deaths",678.118939320018,877.134248305586
"Net migration",2276.20665020902,2347.05374740217
"End-of-period population",27811.3453233329,31302.2851249625
"216 Strathpine",NA,NA
"Start-of-period population",33333,34377.7326169969
"Births",2306.11944924027,2199.84420729927
"Deaths",829.084221844613,937.32633730806
"Net migration",-432.302610398752,-389.595893435268
"End-of-period population",34377.7326169969,35250.6545935528
"217 Far North",NA,NA
"Start-of-period population",28022,29487.4104090598
"Births",2536.18985233883,2452.79191161314
"Deaths",542.415525804359,579.345691260335
"Net migration",-528.363917474711,-567.985406563674
"End-of-period population",29487.4104090598,30792.8712228489
"218 Outback - North",NA,NA
"Start-of-period population",33625,32945.890877067
"Births",3031.10088873089,2781.69634503033
"Deaths",627.301462573592,641.245191948577
"Net migration",-3082.90854909031,-2939.16940486541
"End-of-period population",32945.890877067,32147.1726252833
"219 Outback - South",NA,NA
"Start-of-period population",21974,21222.6709235809
"Births",1595.39783531527,1418.21302103136
"Deaths",666.305755058224,641.618583959821
"Net migration",-1680.42115667612,-1578.90587934505
"End-of-period population",21222.6709235809,20420.3594813074
"220 Buderim",NA,NA
"Start-of-period population",33457,41004.5467524188
"Births",2048.15513347149,2238.40736030888
"Deaths",1669.35950452851,2092.32538868797
"Net migration",7168.75112347583,7518.54195922145
"End-of-period population",41004.5467524188,48669.1706832612
"221 Caloundra",NA,NA
"Start-of-period population",50984,56724.6928569095
"Births",2611.78188858013,2595.29648755809
"Deaths",2953.49832955097,3483.06425561454
"Net migration",6082.40929788031,6345.60123683593
"End-of-period population",56724.6928569095,62182.5263256889
"222 Maroochy",NA,NA
"Start-of-period population",43076,47846.2641287112
"Births",2387.14607869511,2405.90426557899
"Deaths",1725.85698019422,2056.97761351233
"Net migration",4108.97503021032,4180.26022039538
"End-of-period population",47846.2641287112,52375.4510011732
"223 Nambour - Pomona",NA,NA
"Start-of-period population",47850,53057.0512226054
"Births",2828.23411088559,2809.78136850267
"Deaths",1839.75633411773,1975.73916560688
"Net migration",4218.57344583759,4102.9615368482
"End-of-period population",53057.0512226054,57994.0549623494
"224 Noosa",NA,NA
"Start-of-period population",29788,34938.1645934454
"Births",1595.51381081143,1661.11714341055
"Deaths",1484.76114637416,1848.84002994753
"Net migration",5039.41192900808,5270.7951681176
"End-of-period population",34938.1645934454,40021.236875026
"225 Sunshine Coast Hinterland",NA,NA
"Start-of-period population",37272,41720.3316675104
"Births",2250.54372724106,2276.02658893876
"Deaths",1303.40927736472,1607.76810949609
"Net migration",3501.19721763407,3580.81101998584
"End-of-period population",41720.3316675104,45969.4011669389
"226 Toowoomba",NA,NA
"Start-of-period population",122996,128397.077770377
"Births",7763.61398486495,7495.85073309217
"Deaths",4331.93000748667,4216.11726982961
"Net migration",1969.39379299907,1442.38921608241
"End-of-period population",128397.077770377,133119.200449722
"227 Charters Towers - Ayr - Ingham",NA,NA
"Start-of-period population",44571,44093.313726921
"Births",2914.83852486263,2616.19504027623
"Deaths",1670.34696642498,1729.80485877755
"Net migration",-1722.17783151665,-1545.77262724138
"End-of-period population",44093.313726921,43433.9312811783
"228 Townsville",NA,NA
"Start-of-period population",142047,150558.040754175
"Births",9827.24218569017,9700.02707493556
"Deaths",3735.02755281684,4036.32427409275
"Net migration",2418.82612130138,2018.07745617039
"End-of-period population",150558.040754175,158239.821011188
"229 Bundaberg",NA,NA
"Start-of-period population",72867,77362.1472354567
"Births",4440.27841955237,4325.57943340059
"Deaths",3186.90027606932,3530.15096438221
"Net migration",3241.76909197364,3272.54343203057
"End-of-period population",77362.1472354567,81430.1191365056
"230 Burnett",NA,NA
"Start-of-period population",43850,45192.0713230148
"Births",2907.29573440128,2766.70005314614
"Deaths",1773.49845335283,1869.64302012578
"Net migration",208.274041966387,220.066551625409
"End-of-period population",45192.0713230148,46309.1949076606
"231 Gympie - Cooloola",NA,NA
"Start-of-period population",37996,40325.0400830579
"Births",2323.93704452968,2255.29532825049
"Deaths",1503.04178094443,1687.07816651964
"Net migration",1508.14481947265,1538.27402631433
"End-of-period population",40325.0400830579,42431.5312711031
"232 Hervey Bay",NA,NA
"Start-of-period population",36809,42038.8031040708
"Births",2089.51955949032,2167.03392998469
"Deaths",1984.19739048233,2365.17879587519
"Net migration",5124.48093506284,5267.30899393552
"End-of-period population",42038.8031040708,47107.9672321159
"233 Maryborough",NA,NA
"Start-of-period population",36038,37399.0424352134
"Births",2046.43584985039,1910.07150589858
"Deaths",1681.22375350791,1805.32534512906
"Net migration",995.830338870923,1063.36358179287
"End-of-period population",37399.0424352134,38567.1521777758
"234 Adelaide City",NA,NA
"Start-of-period population",13211,14005.6308585559
"Births",292.245387586452,293.392278827334
"Deaths",604.236052211183,630.010629421477
"Net migration",1106.62152318068,1054.08033495158
"End-of-period population",14005.6308585559,14723.0928429134
"235 Adelaide Hills",NA,NA
"Start-of-period population",61883,64933.2985840015
"Births",3695.50927479864,3573.96404979506
"Deaths",1887.47779791424,2052.74886769198
"Net migration",1242.26710711711,1179.69175072197
"End-of-period population",64933.2985840015,67634.2055168266
"236 Burnside",NA,NA
"Start-of-period population",42403,43582.9371973599
"Births",1600.35418487244,1512.85219444376
"Deaths",2484.7736509942,2564.91279671388
"Net migration",2064.35666348166,2018.5071204442
"End-of-period population",43582.9371973599,44549.383715534
"237 Campbelltown (SA)",NA,NA
"Start-of-period population",46874,47679.9696986557
"Births",2276.93188785235,2106.31900328937
"Deaths",2231.3886229282,2392.52004965
"Net migration",760.426433731535,875.17071168742
"End-of-period population",47679.9696986557,48268.9393639825
"238 Norwood - Payneham - St Peters",NA,NA
"Start-of-period population",33546,33938.4325505068
"Births",1416.77569330844,1341.4422748979
"Deaths",1972.27259148353,1923.42655198804
"Net migration",947.92944868189,826.980458489392
"End-of-period population",33938.4325505068,34183.428731906
"239 Prospect - Walkerville",NA,NA
"Start-of-period population",26101,26316.5250092295
"Births",1304.8961800866,1222.63034546756
"Deaths",1262.79208607606,1241.39596701912
"Net migration",173.420915219,120.923829862423
"End-of-period population",26316.5250092295,26418.6832175404
"240 Unley",NA,NA
"Start-of-period population",36405,36614.0871281264
"Births",1765.27512780576,1657.59988856102
"Deaths",1997.27402536124,1984.4928581009
"Net migration",441.086025681899,376.989074555601
"End-of-period population",36614.0871281264,36664.1832331421
"241 Gawler - Two Wells",NA,NA
"Start-of-period population",25820,28018.0793600451
"Births",1520.86634474877,1515.32276284051
"Deaths",957.085022756787,1086.58336899048
"Net migration",1634.29803805312,1615.17283994561
"End-of-period population",28018.0793600451,30061.9915938407
"242 Playford",NA,NA
"Start-of-period population",68692,71329.9427715597
"Births",5254.15522531517,5065.4349754539
"Deaths",2101.37690365709,2371.79174429427
"Net migration",-514.835550098374,-424.708262495115
"End-of-period population",71329.9427715597,73598.8777402242
"243 Port Adelaide - East",NA,NA
"Start-of-period population",52352,53020.9609050502
"Births",2901.89649493001,2760.67675993489
"Deaths",2432.91589829964,2480.44206975177
"Net migration",199.980308419793,156.157836668137
"End-of-period population",53020.9609050502,53457.3534319014
"244 Salisbury",NA,NA
"Start-of-period population",112801,115709.439611043
"Births",7349.58858581346,6778.39362788469
"Deaths",3039.54702276128,3571.1502743854
"Net migration",-1401.60195200887,-858.518104842827
"End-of-period population",115709.439611043,118058.1648597
"245 Tea Tree Gully",NA,NA
"Start-of-period population",94873,99924.5131365032
"Births",5670.27556241169,5620.51158083997
"Deaths",2778.32294834816,3112.89526886206
"Net migration",2159.56052243963,2000.62051340092
"End-of-period population",99924.5131365032,104432.749961882
"246 Holdfast Bay",NA,NA
"Start-of-period population",31952,32616.7092459634
"Births",1105.25234357898,1053.94494643925
"Deaths",2363.7132961174,2363.72686054
"Net migration",1923.17019850181,1821.9441575204
"End-of-period population",32616.7092459634,33128.871489383
"247 Marion",NA,NA
"Start-of-period population",79930,81117.3698251636
"Births",3944.14106565727,3772.94851796172
"Deaths",3876.09030773755,4094.73793677249
"Net migration",1119.31906724388,1146.94112537118
"End-of-period population",81117.3698251636,81942.521531724
"248 Mitcham",NA,NA
"Start-of-period population",60827,60908.5221188892
"Births",2815.18787721295,2614.30010418048
"Deaths",3249.17732956809,3322.52818225736
"Net migration",515.511571244339,524.208218592665
"End-of-period population",60908.5221188892,60724.502259405
"249 Onkaparinga",NA,NA
"Start-of-period population",151302,159033.285456545
"Births",9176.05764396848,8906.20958511322
"Deaths",4874.291894223,5637.36859133577
"Net migration",3429.51970679918,3602.44056888502
"End-of-period population",159033.285456545,165904.567019207
"250 Charles Sturt",NA,NA
"Start-of-period population",100304,100714.516739994
"Births",4736.30368309923,4393.85585331517
"Deaths",5025.6700915697,5064.17611931198
"Net migration",699.883148464976,642.194380894607
"End-of-period population",100714.516739994,100686.390854892
"251 Port Adelaide - West",NA,NA
"Start-of-period population",53959,53729.1606965706
"Births",2991.21270249963,2760.91804991501
"Deaths",2410.99430961415,2426.57294293496
"Net migration",-810.057696314854,-795.295973481595
"End-of-period population",53729.1606965706,53268.209830069
"252 West Torrens",NA,NA
"Start-of-period population",54771,55208.7819830235
"Births",2565.34264205221,2413.841332323
"Deaths",3074.54631838535,3146.2074430187
"Net migration",946.985659356627,932.072029919371
"End-of-period population",55208.7819830235,55408.4879022472
"253 Barossa",NA,NA
"Start-of-period population",29681,30892.935757247
"Births",1699.91060297435,1615.04852265058
"Deaths",1207.38912092855,1256.32793270454
"Net migration",719.414275201169,691.761138336984
"End-of-period population",30892.935757247,31943.41748553
"254 Lower North",NA,NA
"Start-of-period population",21769,21853.1832613706
"Births",1181.45227869018,1084.23654445793
"Deaths",1039.09339643688,1084.14203934043
"Net migration",-58.1756208826502,-11.1141543699454
"End-of-period population",21853.1832613706,21842.1636121182
"255 Mid North",NA,NA
"Start-of-period population",28324,27765.6239684021
"Births",1728.40948654755,1557.09156830424
"Deaths",1275.95003939095,1296.79793301755
"Net migration",-1010.83547875445,-920.347491968769
"End-of-period population",27765.6239684021,27105.5701117201
"256 Yorke Peninsula",NA,NA
"Start-of-period population",22481,22920.0702461687
"Births",1103.57121607873,1017.94067176875
"Deaths",1273.33701283585,1311.5485719848
"Net migration",608.836042925795,626.477439228856
"End-of-period population",22920.0702461687,23252.9397851815
"257 Eyre Peninsula and South West",NA,NA
"Start-of-period population",56054,55370.0472071808
"Births",3616.1279927619,3273.57569218877
"Deaths",2103.22982917438,2221.16486386063
"Net migration",-2196.85095640671,-1961.26411221449
"End-of-period population",55370.0472071808,54461.1939232945
"258 Outback - North and East",NA,NA
"Start-of-period population",29373,29005.4509393876
"Births",2077.36274081395,1973.27282096971
"Deaths",740.757734492614,728.977578431132
"Net migration",-1704.15406693373,-1729.2748359443
"End-of-period population",29005.4509393876,28520.4713459819
"259 Fleurieu - Kangaroo Island",NA,NA
"Start-of-period population",37212,40435.3955434524
"Births",1743.0463201929,1686.16371496236
"Deaths",2093.99799509892,2339.54378832044
"Net migration",3574.34721835843,3654.85638467636
"End-of-period population",40435.3955434524,43436.8718547707
"260 Limestone Coast",NA,NA
"Start-of-period population",62332,62766.3357360867
"Births",3963.44687045572,3707.56383768067
"Deaths",2301.49048301287,2363.15673712519
"Net migration",-1227.62065135617,-1181.70828754898
"End-of-period population",62766.3357360867,62929.0345490932
"261 Murray and Mallee",NA,NA
"Start-of-period population",68229,69044.6279154005
"Births",4159.95430268031,3903.86178727755
"Deaths",2818.03274236762,2972.34921959717
"Net migration",-526.293644912135,-416.524100743747
"End-of-period population",69044.6279154005,69559.6163823372
"262 Augusta - Margaret River - Busselton",NA,NA
"Start-of-period population",33362,38430.5157007776
"Births",2223.88374111779,2333.40799041415
"Deaths",1285.19160662045,1486.26861244118
"Net migration",4129.82356628031,4094.96503061205
"End-of-period population",38430.5157007776,43372.6201093627
"263 Bunbury",NA,NA
"Start-of-period population",77974,83617.7563479617
"Births",4953.13418454095,4870.28271740842
"Deaths",2476.24464087242,2753.82293311018
"Net migration",3166.86680429316,3062.38256182786
"End-of-period population",83617.7563479617,88796.5986940878
"264 Manjimup",NA,NA
"Start-of-period population",22138,22612.9765984123
"Births",1499.10917504498,1386.00857644487
"Deaths",730.483853993687,811.183864394057
"Net migration",-293.648722638981,-206.102371823202
"End-of-period population",22612.9765984123,22981.6989386399
"265 Mandurah",NA,NA
"Start-of-period population",59145,67900.3637919445
"Births",3311.90663646685,3405.86365287148
"Deaths",2776.20302128503,3452.18779539958
"Net migration",8219.66017676267,8563.482339846
"End-of-period population",67900.3637919445,76417.5219892624
"266 Cottesloe - Claremont",NA,NA
"Start-of-period population",65120,66316.4848899614
"Births",2648.85373237473,2455.70030177226
"Deaths",3206.44128618611,3284.80468507765
"Net migration",1754.07244377278,1720.98705332978
"End-of-period population",66316.4848899614,67208.3675599858
"267 Perth City",NA,NA
"Start-of-period population",74260,77091.1584995417
"Births",3512.77069257783,3424.49050816245
"Deaths",3104.4984390234,3132.17948633343
"Net migration",2422.88624598726,2140.52080351694
"End-of-period population",77091.1584995417,79523.9903248877
"268 Bayswater - Bassendean",NA,NA
"Start-of-period population",71830,72766.4836488615
"Births",3803.02260014084,3561.91597327381
"Deaths",2901.94638278592,3304.31840426894
"Net migration",35.4074315066296,358.978531344002
"End-of-period population",72766.4836488615,73383.0597492104
"269 Mundaring",NA,NA
"Start-of-period population",39244,41291.4548665939
"Births",2239.22255903282,2129.45498851986
"Deaths",1197.51506612704,1396.79302421413
"Net migration",1005.74737368809,1090.88277865682
"End-of-period population",41291.4548665939,43114.9996095564
"270 Swan",NA,NA
"Start-of-period population",79983,92368.6190998401
"Births",6846.82619449797,7446.98634189519
"Deaths",1831.71648623075,1987.27135993522
"Net migration",7370.50939157284,6637.95415451892
"End-of-period population",92368.6190998401,104466.288236319
"271 Joondalup",NA,NA
"Start-of-period population",156410,167769.938043144
"Births",8654.20464657162,8653.77669206147
"Deaths",3925.33675786078,4621.10220795312
"Net migration",6631.07015443327,6394.47134779719
"End-of-period population",167769.938043144,178197.08387505
"272 Stirling",NA,NA
"Start-of-period population",160616,163805.671099634
"Births",8148.67948904994,7550.85543317149
"Deaths",6473.83090085959,6595.56975136705
"Net migration",1514.8225114441,1473.53692196852
"End-of-period population",163805.671099634,166234.493703407
"273 Wanneroo",NA,NA
"Start-of-period population",84323,99698.7190948124
"Births",7172.12443824843,7528.84223115306
"Deaths",2091.06174513352,2658.05303120889
"Net migration",10294.6564016975,10385.2688301332
"End-of-period population",99698.7190948124,114954.77712489
"274 Armadale",NA,NA
"Start-of-period population",52391,54013.7180925373
"Births",3412.81247524488,3275.65830245286
"Deaths",1477.20365112475,1638.43575363888
"Net migration",-312.890731582787,-283.907599540342
"End-of-period population",54013.7180925373,55367.033041811
"275 Belmont - Victoria Park",NA,NA
"Start-of-period population",53992,56261.0613362606
"Births",2995.92608970084,2947.69799093292
"Deaths",2149.82193774913,2014.30760039191
"Net migration",1422.95718430885,1040.25070316847
"End-of-period population",56261.0613362606,58234.70242997
"276 Canning",NA,NA
"Start-of-period population",80528,84051.7561413712
"Births",4279.12887045543,4204.57069486399
"Deaths",3138.69504342249,3612.55501213385
"Net migration",2383.32231433828,2487.52808615549
"End-of-period population",84051.7561413712,87131.2999102569
"277 Gosnells",NA,NA
"Start-of-period population",83662,88575.7988463428
"Births",5904.52953185185,5745.77889537529
"Deaths",2146.36639464623,2434.60645246437
"Net migration",1155.63570913717,1115.68178591621
"End-of-period population",88575.7988463428,93002.6530751699
"278 Kalamunda",NA,NA
"Start-of-period population",48743,49309.8278868041
"Births",2518.03209855173,2356.25713272143
"Deaths",1550.93840677096,1691.87740532662
"Net migration",-400.265804976649,-311.630350679837
"End-of-period population",49309.8278868041,49662.5772635191
"279 Serpentine - Jarrahdale",NA,NA
"Start-of-period population",11775,13178.307086066
"Births",751.370683829469,778.829404977471
"Deaths",281.218799116634,329.362910320498
"Net migration",933.155201353137,890.823480732139
"End-of-period population",13178.307086066,14518.5970614551
"280 South Perth",NA,NA
"Start-of-period population",37604,38737.5789237864
"Births",1508.35113364594,1474.86092388059
"Deaths",1726.67657857631,1652.55198487384
"Net migration",1351.90436871673,1118.94502475891
"End-of-period population",38737.5789237864,39678.832887552
"281 Cockburn",NA,NA
"Start-of-period population",66756,73004.1671872706
"Births",4967.93935582878,4982.89112862624
"Deaths",1802.60773732317,2087.3412455365
"Net migration",3082.83556876497,2958.3178011312
"End-of-period population",73004.1671872706,78858.0348714915
"282 Fremantle",NA,NA
"Start-of-period population",32720,33765.0982608372
"Births",1655.11023846018,1582.46095551882
"Deaths",1389.10592483906,1396.69932931246
"Net migration",779.09394721607,690.043800030219
"End-of-period population",33765.0982608372,34640.9036870738
"283 Kwinana",NA,NA
"Start-of-period population",21807,23432.5394819909
"Births",1656.59619969572,1665.99201478883
"Deaths",560.78399060561,619.748306491321
"Net migration",529.727272900786,449.053235736938
"End-of-period population",23432.5394819909,24927.8364260253
"284 Melville",NA,NA
"Start-of-period population",100267,104168.152778374
"Births",4419.36833750808,4186.56977249562
"Deaths",4292.93029404548,5014.86710328048
"Net migration",3774.71473491125,4189.38147447757
"End-of-period population",104168.152778374,107529.236922067
"285 Rockingham",NA,NA
"Start-of-period population",74185,86295.4803273003
"Births",5448.48731026157,5772.54689695648
"Deaths",2480.30643293474,2949.38823734834
"Net migration",9142.29944997342,9063.8355039419
"End-of-period population",86295.4803273003,98182.4744908503
"286 Esperance",NA,NA
"Start-of-period population",14905,15892.5711774981
"Births",1113.97327503736,1079.15862018806
"Deaths",433.82744064902,484.423321031637
"Net migration",307.42534310975,304.669588342473
"End-of-period population",15892.5711774981,16791.976064997
"287 Gascoyne",NA,NA
"Start-of-period population",10348,10471.0823467269
"Births",788.04435707263,733.030991961292
"Deaths",262.292334898986,285.323069427255
"Net migration",-402.669675446709,-370.194962316602
"End-of-period population",10471.0823467269,10548.5953069444
"288 Goldfields",NA,NA
"Start-of-period population",40443,40950.8115036647
"Births",3366.96212484287,3131.58289909666
"Deaths",670.282891234945,681.797544858176
"Net migration",-2188.86772994321,-2121.24628146348
"End-of-period population",40950.8115036647,41279.3505764397
"289 Kimberley",NA,NA
"Start-of-period population",32756,36502.9904350123
"Births",3268.70053643937,3410.06587012551
"Deaths",510.574159169498,578.976934856402
"Net migration",988.864057742394,735.799667676841
"End-of-period population",36502.9904350123,40069.8790379582
"290 Mid West",NA,NA
"Start-of-period population",50680,52249.8427340531
"Births",3597.11294465192,3357.92845489485
"Deaths",1448.17983215695,1580.32416055341
"Net migration",-579.09037844182,-468.370436139795
"End-of-period population",52249.8427340531,53559.0765922548
"291 Pilbara",NA,NA
"Start-of-period population",39618,37815.9486987321
"Births",3321.9351556992,2988.36353649783
"Deaths",439.453192047459,443.911073434746
"Net migration",-4684.5332649196,-4382.68289723217
"End-of-period population",37815.9486987321,35977.7182645631
"292 Albany",NA,NA
"Start-of-period population",53789,56050.5078981924
"Births",3523.07731319357,3383.07588955681
"Deaths",2025.12613740277,2197.46556868944
"Net migration",763.55672240158,781.562298397507
"End-of-period population",56050.5078981924,58017.6805174573
"293 Wheat Belt - North",NA,NA
"Start-of-period population",53783,55239.5476151418
"Births",3640.17651062339,3379.74822171855
"Deaths",1758.27562647637,1887.8126594998
"Net migration",-425.353269005206,-304.76168634274
"End-of-period population",55239.5476151418,56426.7214910178
"294 Wheat Belt - South",NA,NA
"Start-of-period population",21117,20631.8917879954
"Births",1440.47337029665,1259.01109458223
"Deaths",734.560815989903,753.889586596736
"Net migration",-1191.02076631138,-1061.10595800409
"End-of-period population",20631.8917879954,20075.9073379768
"295 Brighton",NA,NA
"Start-of-period population",13392,13915.3337139609
"Births",1304.86456909693,1261.27075878797
"Deaths",277.291025870911,310.5342480325
"Net migration",-504.23982926515,-499.600714243791
"End-of-period population",13915.3337139609,14366.4695104725
"296 Hobart - North East",NA,NA
"Start-of-period population",47399,47775.9020100551
"Births",2644.44278912149,2463.39232540134
"Deaths",1999.31444399443,2171.54320567285
"Net migration",-268.226335071949,-121.002939065568
"End-of-period population",47775.9020100551,47946.748190718
"297 Hobart - North West",NA,NA
"Start-of-period population",50248,50607.5364591136
"Births",3156.22273035233,3060.99190371245
"Deaths",2108.12606786791,2050.80404977183
"Net migration",-688.560203370792,-869.53636414557
"End-of-period population",50607.5364591136,50748.1879489087
"298 Hobart - South and West",NA,NA
"Start-of-period population",26678,28143.2275190821
"Births",1594.11635038102,1588.56841384297
"Deaths",934.355426698598,982.691411309821
"Net migration",805.466595399691,705.757938992904
"End-of-period population",28143.2275190821,29454.8624606082
"299 Hobart Inner",NA,NA
"Start-of-period population",47295,47581.130306761
"Births",1969.74432132141,1687.94698627493
"Deaths",2171.75108356003,2478.54218841625
"Net migration",488.137068999633,870.266729833321
"End-of-period population",47581.130306761,47660.801834453
"300 Sorell - Dodges Ferry",NA,NA
"Start-of-period population",12391,13360.3400238768
"Births",902.853909114476,890.082592175813
"Deaths",397.630216845199,460.05685015123
"Net migration",464.116331607561,465.195798148937
"End-of-period population",13360.3400238768,14255.5615640504
"301 Launceston",NA,NA
"Start-of-period population",76340,77873.3646601677
"Births",4571.95281958442,4364.66790301569
"Deaths",3291.47294662174,3433.00460665167
"Net migration",252.88478720502,239.387841382468
"End-of-period population",77873.3646601677,79044.4157979142
"302 Meander Valley - West Tamar",NA,NA
"Start-of-period population",21595,22174.3888983782
"Births",1288.06292033175,1193.92698298029
"Deaths",792.092132303457,831.586005693047
"Net migration",83.4181103498819,109.082401997889
"End-of-period population",22174.3888983782,22645.8122776633
"303 North East",NA,NA
"Start-of-period population",36526,36978.4569407084
"Births",2254.66977839009,2078.2160645182
"Deaths",1388.9663111365,1468.00755407151
"Net migration",-413.246526545236,-319.391198672042
"End-of-period population",36978.4569407084,37269.274252483
"304 Central Highlands (Tas.)",NA,NA
"Start-of-period population",11041,10914.0347146027
"Births",697.434043658889,651.11426013131
"Deaths",308.73361957415,273.729970341605
"Net migration",-515.665709482085,-548.993201703156
"End-of-period population",10914.0347146027,10742.4258026892
"305 Huon - Bruny Island",NA,NA
"Start-of-period population",16588,17350.4170419534
"Births",1101.09778806331,1051.67484825727
"Deaths",556.248529030061,601.718671459412
"Net migration",217.567782920147,220.0604582869
"End-of-period population",17350.4170419534,18020.4336770382
"306 South East Coast",NA,NA
"Start-of-period population",6269,6467.9540058982
"Births",328.889781053237,313.874775239168
"Deaths",314.91198594328,361.103344580659
"Net migration",184.976210788247,213.788728132982
"End-of-period population",6467.9540058982,6634.5141646897
"307 Burnie - Ulverstone",NA,NA
"Start-of-period population",47741,47352.042542969
"Births",2843.78119997135,2575.0955305874
"Deaths",2017.81485768224,2172.52438720611
"Net migration",-1214.92379932015,-990.754686241127
"End-of-period population",47352.042542969,46763.8590001091
"308 Devonport",NA,NA
"Start-of-period population",40806,41846.3323522767
"Births",2462.14976942015,2320.33047693051
"Deaths",1631.24528769775,1697.66239850463
"Net migration",209.427870554272,215.61524773165
"End-of-period population",41846.3323522767,42684.6156784342
"309 West Coast",NA,NA
"Start-of-period population",19359,18524.2993452607
"Births",1289.13040301564,1126.71693500946
"Deaths",556.624082538217,557.213511830094
"Net migration",-1567.20697521675,-1428.1806995809
"End-of-period population",18524.2993452607,17665.6220688591
"310 Darwin City",NA,NA
"Start-of-period population",18469,19451.0265823234
"Births",1083.06230691757,1055.25109873671
"Deaths",397.12977643053,443.877769823755
"Net migration",296.094051836407,264.919018928676
"End-of-period population",19451.0265823234,20327.3189301651
"311 Darwin Suburbs",NA,NA
"Start-of-period population",52142,52269.6674924431
"Births",3408.56253918855,3170.6326199525
"Deaths",827.518037305024,953.992573724621
"Net migration",-2453.37700944038,-2316.89559483072
"End-of-period population",52269.6674924431,52169.4119438403
"312 Litchfield",NA,NA
"Start-of-period population",15344,17964.3029750802
"Births",1136.49611347865,1250.89646902357
"Deaths",274.303694360281,360.605812262955
"Net migration",1758.11055596183,1692.76485739103
"End-of-period population",17964.3029750802,20547.3584892318
"313 Palmerston",NA,NA
"Start-of-period population",22325,28606.4040424804
"Births",2633.47447986361,2954.03612127464
"Deaths",275.890966003233,367.572111777763
"Net migration",3923.82052861999,3966.92423672284
"End-of-period population",28606.4040424804,35159.7922887001
"314 Alice Springs",NA,NA
"Start-of-period population",40207,42968.2650505995
"Births",3348.89442840162,3320.82220243232
"Deaths",618.173875416491,684.54338176706
"Net migration",30.5444976144055,-113.727857732476
"End-of-period population",42968.2650505995,45490.8160135323
"315 Barkly",NA,NA
"Start-of-period population",6041,6117.8237353677
"Births",584.870438367132,575.149602494674
"Deaths",91.1442702166257,96.7327286703878
"Net migration",-416.902432782804,-428.413582595085
"End-of-period population",6117.8237353677,6167.8270265969
"316 Daly - Tiwi - West Arnhem",NA,NA
"Start-of-period population",14731,15744.7483144364
"Births",1533.79105439698,1529.52112224811
"Deaths",164.735698139378,174.562980646736
"Net migration",-355.307041821215,-428.686559758994
"End-of-period population",15744.7483144364,16671.0198962788
"317 East Arnhem",NA,NA
"Start-of-period population",13512,14319.6419965929
"Births",1458.21132802284,1448.8527593545
"Deaths",123.066029727799,131.023740065994
"Net migration",-527.503301702168,-589.04080732265
"End-of-period population",14319.6419965929,15048.4302085587
"318 Katherine",NA,NA
"Start-of-period population",18972,20318.0637284934
"Births",1814.15889728313,1803.59164706909
"Deaths",269.202810537188,319.234630029518
"Net migration",-198.892358252562,-251.249733895624
"End-of-period population",20318.0637284934,21551.1710116373
"319 Belconnen",NA,NA
"Start-of-period population",86182,85905.1069165675
"Births",4712.37065372946,4412.1657735379
"Deaths",2137.30682655324,2444.3159174216
"Net migration",-2851.95691060869,-2615.78449472472
"End-of-period population",85905.1069165675,85257.1722779591
"320 Fyshwick - Pialligo - Hume",NA,NA
"Start-of-period population",1399,1290.6854534207
"Births",60.4084468682556,54.2496993376815
"Deaths",26.0316548455926,23.6199379696931
"Net migration",-142.691338601959,-131.893265012439
"End-of-period population",1290.6854534207,1189.42194977625
"321 North Canberra",NA,NA
"Start-of-period population",38610,38561.0234172579
"Births",1710.76420914509,1606.05048661727
"Deaths",1439.51673932727,1502.63354801761
"Net migration",-320.224052559962,-319.895164279391
"End-of-period population",38561.0234172579,38344.5451915781
"322 South Canberra",NA,NA
"Start-of-period population",22300,22985.4883627775
"Births",947.386832669784,921.455072209559
"Deaths",1076.75711350246,1128.93292545747
"Net migration",814.858643610181,778.469347817545
"End-of-period population",22985.4883627775,23556.4798573471
"323 Tuggeranong",NA,NA
"Start-of-period population",91507,98483.7027635527
"Births",6915.13587719918,6952.46014402576
"Deaths",1551.96120602067,1981.43204826657
"Net migration",1613.52809237422,1458.64658891168
"End-of-period population",98483.7027635527,104913.377448224
"324 Weston Creek",NA,NA
"Start-of-period population",23726,22864.7074892114
"Births",1062.57768603998,920.87509456929
"Deaths",824.477852558796,903.56868566806
"Net migration",-1099.39234426979,-928.067803198685
"End-of-period population",22864.7074892114,21953.9460949139
"325 Woden",NA,NA
"Start-of-period population",32719,32626.0820135183
"Births",1577.10597268242,1433.17889885819
"Deaths",1304.98415241317,1471.08072975589
"Net migration",-365.039806750982,-196.116508161874
"End-of-period population",32626.0820135183,32392.0636744587
"326 Remainder",NA,NA
"Start-of-period population",25478,42009.13082963
"Births",3016.43191223909,3877.6182651534
"Deaths",435.983636401366,706.694134301891
"Net migration",13950.6825537923,12275.5291467706
"End-of-period population",42009.13082963,57455.5841072522
