"","sex","SA3","X1991","X1992","X1993","X1994","X1995","X1996","X1997","X1998","X1999","X2000","X2001","X2002","X2003","X2004","X2005","X2006","X2007","X2008","X2009","X2010","X2011"
"1","F",10101,30245,30313,30339,30343,30357,30481,30578,30754,30970,31141,31356,31535,31746,31936,32094,32337,32532,32971,33557,34223,34682
"2","M",10101,31422,31438,31367,31308,31245,31305,31390,31529,31606,31811,32014,32249,32499,32614,32797,32947,33275,33699,34188,34727,35093
"4","F",10102,17333,17930,18410,18894,19311,19657,20048,20327,20923,21870,22380,23023,23759,24100,24655,25246,25704,26249,26765,27275,27685
"5","M",10102,17948,18479,18888,19296,19625,19906,20274,20556,21181,22156,22844,23591,24350,24720,25264,25872,26397,27024,27589,28135,28366
"7","F",10103,8427,8487,8512,8550,8550,8603,8577,8647,8743,8717,9055,9163,9196,9230,9247,9291,9341,9361,9372,9416,9419
"8","M",10103,9665,9776,9850,9927,10018,10096,10012,10059,10083,10031,9755,9842,9888,9898,9958,10046,10072,10079,10129,10161,10176
"10","F",10104,26392,27183,27779,28406,28794,29291,29782,30299,30878,31484,32293,32781,33218,33655,33907,34116,34376,34566,34793,35250,35442
"11","M",10104,27048,27706,28194,28721,29005,29386,29799,30300,30865,31476,31800,32282,32723,33132,33392,33592,33943,34196,34421,34739,34965
"13","F",10201,69451,71283,72736,73975,75303,76796,77926,78816,80111,81370,82554,83157,83323,83215,83272,83528,84025,84974,85826,86477,86840
"14","M",10201,66257,67959,69298,70455,71724,73103,73935,74667,75786,76918,78042,78231,78135,78008,78190,78357,78950,80179,81255,81874,82178
"16","F",10202,53247,55048,56461,57875,59110,60817,62355,63809,65390,67094,68877,70209,71121,71564,72249,72972,74156,75830,76986,78048,78916
"17","M",10202,50875,52606,53943,55259,56448,58034,59315,60597,62034,63562,65123,65933,66740,67212,67692,68194,69368,71355,72729,73962,74723
"19","F",10301,18207,18406,18581,18815,19037,19200,19377,19512,19728,19884,20100,20254,20375,20436,20565,20669,20804,21111,21595,21906,22140
"20","M",10301,18531,18758,18928,19169,19405,19592,19772,20006,20251,20424,20716,20939,21039,21067,21244,21453,21644,21989,22500,22805,23036
"22","F",10302,29898,29999,29880,29859,29658,29514,29459,29429,29375,29250,29263,29096,28829,28523,28318,28183,28025,27895,27914,28043,28161
"23","M",10302,30125,30214,30155,30179,29994,29869,29849,29819,29777,29760,29724,29521,29218,28875,28652,28491,28411,28323,28328,28354,28384
"25","F",10303,21398,21460,21463,21481,21491,21463,21409,21392,21524,21466,21501,21412,21369,21341,21262,21196,21364,21513,21713,21930,22133
"26","M",10303,21829,21904,21918,21928,21936,21929,21962,21953,22100,22127,22237,22207,22093,22008,21913,21923,22101,22324,22725,22997,23227
"28","F",10304,24645,24885,25083,25142,25123,25151,25342,25715,25998,26193,26298,26400,26481,26290,26338,26486,26702,27016,27412,27860,28358
"29","M",10304,24029,24276,24429,24483,24465,24485,24694,25121,25466,25709,25990,26048,26032,26021,25990,25996,26351,26709,27081,27493,27960
"31","F",10401,21395,21766,21944,22193,22366,22547,22912,23389,23438,23537,23835,23931,24009,24119,24239,24348,24507,24635,25014,25358,25589
"32","M",10401,21648,22078,22305,22588,22842,23042,23390,23562,23677,23853,23954,24033,24056,24092,24211,24389,24644,24765,24977,25215,25258
"34","F",10402,32079,32829,33657,34469,35285,35819,36321,36670,37180,37752,38370,38867,39428,39802,40113,40520,40980,41550,42024,42617,43018
"35","M",10402,32105,32768,33524,34285,35039,35506,35885,36147,36597,37112,37304,37810,38295,38738,38929,39265,39733,40229,40613,41067,41317
"37","F",10501,15157,15180,15112,15084,14960,14906,14875,14660,14534,14412,14348,14069,13686,13359,13104,12882,12764,12694,12688,12743,12719
"38","M",10501,16804,16861,16821,16806,16721,16659,16660,16602,16461,16301,16184,15845,15461,15054,14731,14407,14182,14002,13977,13943,13779
"40","F",10502,14084,13900,13658,13330,12922,12661,12506,12470,12369,12147,12058,11890,11721,11533,11404,11295,11264,11206,11141,11073,11036
"41","M",10502,14191,13990,13720,13369,12942,12639,12536,12464,12392,12219,12150,11942,11703,11522,11364,11196,11183,11137,11039,10968,10901
"43","F",10503,32846,33408,33630,33853,33834,33793,33940,34140,34517,34577,34788,34657,34461,34303,34171,34149,34338,34472,34647,34909,35045
"44","M",10503,32543,33016,33140,33284,33189,33076,33141,33351,33679,33818,34054,33928,33732,33558,33464,33389,33291,33834,34297,34582,34511
"46","F",10601,36588,36654,36647,36727,36865,37114,37428,37693,37936,38111,37990,38209,38413,38574,38758,38942,39395,39948,40450,41115,41788
"47","M",10601,35583,35752,35892,36071,36285,36628,36926,37198,37470,37783,38451,38761,39047,39150,39461,39737,40340,40974,41552,42212,42904
"49","F",10602,22950,23146,23360,23618,23918,24209,24699,25137,25584,26162,26456,27259,28043,28675,29488,30291,31140,31727,32258,32880,33607
"50","M",10602,21966,22183,22447,22712,23006,23327,23748,24178,24596,25190,25868,26668,27415,28078,28849,29643,30530,31113,31637,32217,32933
"52","F",10603,23300,23916,24779,25491,26339,27094,27845,28483,29187,29947,30330,30917,31617,32037,32463,32507,33155,33624,34184,34799,35168
"53","M",10603,22964,23562,24446,25136,25944,26670,27417,28065,28770,29625,30714,31170,31719,32051,32321,32322,33000,33475,33954,34490,34871
"55","F",10604,13956,14017,14079,14129,14110,14100,14128,14086,14006,13942,13945,14034,14059,14055,14056,14103,14160,14313,14469,14651,14850
"56","M",10604,15060,15078,15076,15067,15001,14938,14848,14706,14612,14512,14584,14720,14678,14582,14692,14869,14927,15035,15210,15440,15684
"58","F",10701,34308,34295,34290,34330,34444,34808,34953,35281,35559,35686,35775,36048,36238,36330,36298,36403,36678,37015,37347,37761,37814
"59","M",10701,35202,35059,34913,34859,34854,35071,35143,35468,35781,35952,36527,36630,36636,36650,36464,36359,36593,36888,37163,37448,37516
"61","F",10703,32294,33174,33943,34643,35437,36048,36856,37472,38243,39050,39750,40180,40634,40799,41063,41314,41671,42303,42874,43454,43940
"62","M",10703,32459,33291,34007,34654,35423,35976,36645,37208,37925,38671,39359,39664,39989,40216,40374,40480,40952,41525,42066,42604,43019
"64","F",10704,55148,55366,55553,55753,56159,56727,57106,57151,57369,57602,58193,58709,58878,58943,59004,59083,59701,60619,61515,62452,63139
"65","M",10704,55458,55573,55633,55754,56056,56493,56847,56948,57230,57518,57767,58451,58710,58705,58942,59051,59785,60902,61849,62794,63586
"67","F",10801,11573,11913,12187,12428,12748,13030,13362,13671,13795,14022,14213,14395,14510,14708,14783,14842,15043,15137,15357,15587,15728
"68","M",10801,11141,11463,11741,11976,12275,12550,12887,13172,13293,13558,13881,14094,14209,14386,14461,14479,14662,14757,14928,15119,15239
"70","F",10802,21109,21530,21678,21950,22083,22160,22325,22517,22607,22624,22762,22783,22721,22899,23052,23080,23219,23494,23786,24034,24176
"71","M",10802,21059,21448,21567,21805,21901,21934,22096,22314,22341,22352,22473,22586,22657,22915,23280,23309,23523,23709,23938,24142,24242
"73","F",10804,25541,26426,27170,28123,29099,29644,30228,31184,32002,32927,33400,34189,34874,35428,35784,35943,36556,37306,37702,38312,38694
"74","M",10804,23928,24729,25387,26233,27053,27506,28038,28926,29706,30521,31474,32292,32946,33503,33849,34020,34553,35217,35594,36120,36572
"76","F",10805,23173,23507,23802,24116,24240,24331,24426,24523,24690,24730,25033,25183,25428,25608,25783,25833,26045,26286,26505,26751,26920
"77","M",10805,23195,23463,23659,23911,24038,24070,24106,24217,24409,24568,24392,24550,24836,25032,25152,25154,25272,25410,25602,25856,26127
"79","F",10901,26374,26621,26799,27047,27303,27513,27685,27836,27951,28095,28270,28464,28600,28748,28934,29122,29399,29583,29788,30001,30186
"80","M",10901,25836,26014,26092,26235,26386,26518,26648,26791,26945,27083,27313,27518,27646,27781,28059,28334,28605,28790,28896,29067,29151
"82","F",10902,7135,7123,7088,7031,7009,7011,6955,6916,6872,6766,6710,6655,6593,6513,6476,6428,6332,6270,6221,6204,6174
"83","M",10902,7659,7642,7617,7574,7531,7539,7528,7525,7475,7387,7410,7320,7213,7103,7036,7009,6947,6892,6809,6754,6650
"85","F",10903,20127,20236,20286,20247,20273,20370,20424,20432,20509,20499,20521,20522,20445,20336,20381,20574,20602,20568,20643,20663,20656
"86","M",10903,20966,21055,21058,21000,20976,21035,21142,21186,21266,21206,21511,21393,21274,21145,21055,21102,21165,21138,21184,21107,20978
"88","F",11001,19930,19896,19694,19568,19309,19148,19118,19054,18981,18898,18739,18636,18474,18336,18308,18341,18406,18661,18859,19015,19133
"89","M",11001,19217,19158,18932,18780,18498,18292,18218,18136,18016,17954,18004,17958,17817,17715,17675,17694,17733,17921,18133,18248,18264
"91","F",11002,20015,19949,19783,19596,19268,19089,19111,19144,19136,19040,19040,19063,18963,18885,18929,19018,19048,19096,19262,19378,19421
"92","M",11002,19967,19911,19742,19559,19214,19039,19046,19061,19025,18994,19098,19095,19022,18928,18956,19094,19135,19155,19319,19410,19438
"94","F",11003,15015,14874,14693,14543,14337,14149,14256,14254,14361,14381,14395,14199,13962,13668,13433,13239,13036,12958,12973,13055,13098
"95","M",11003,16133,15922,15669,15447,15152,14894,14993,15133,15260,15409,15612,15333,14979,14557,14225,13989,13819,13749,13718,13695,13693
"97","F",11004,38378,38400,38253,38237,37984,37873,37902,37920,37941,37962,37888,37891,37867,37794,37795,38089,38388,38651,39056,39557,40052
"98","M",11004,37439,37372,37112,36997,36645,36457,36555,36653,36687,36711,36949,37051,37054,37038,37041,37306,37731,38079,38533,39070,39460
"100","F",11101,55703,55917,56042,56268,56617,57095,57601,58130,58691,59121,59396,59514,59593,59564,59492,59494,59569,60015,60767,61309,61804
"101","M",11101,53581,53799,53978,54182,54507,54950,55323,55750,56230,56753,57476,57726,57882,57855,57924,57960,58248,58617,59203,59586,60072
"103","F",11102,29914,30261,30400,30885,31426,31837,32489,33048,33606,33811,33756,34185,34460,34621,34733,34753,35073,35579,36086,36427,36776
"104","M",11102,28786,29129,29287,29752,30258,30652,31207,31698,32199,32468,33493,33749,33952,34055,34101,34064,34424,34904,35332,35666,35903
"106","F",11103,69602,70010,70374,70514,70802,71554,72063,72332,72646,73288,75506,76013,76517,77029,77398,77708,78628,79506,80126,80938,81957
"107","M",11103,73486,73379,73006,72690,72634,72754,73110,73433,73857,73981,72567,73234,74038,74693,75302,75803,76763,78064,78987,79874,81050
"109","F",11201,28273,29239,30060,31214,32310,32931,33642,34311,35108,35674,36385,36947,37323,37559,37670,37849,38095,38340,38589,38809,38892
"110","M",11201,28503,29328,30019,31033,32002,32496,33126,33740,34445,34995,35511,35959,36286,36461,36535,36696,36857,37022,37202,37352,37466
"112","F",11202,34632,34972,35075,35260,35413,35480,35539,35509,35348,35346,34894,34902,34899,34881,34960,35233,35516,35620,35767,35979,36135
"113","M",11202,33991,34218,34212,34310,34345,34280,34193,34010,33852,33769,33993,33954,33798,33816,34044,34441,34724,34916,35145,35426,35568
"115","F",11203,27374,28400,29490,30757,31923,33036,34194,35157,35897,36952,37633,38491,39566,40421,40820,41394,42282,43367,44329,45016,45315
"116","M",11203,26811,27722,28711,29861,30919,31903,32972,33904,34636,35666,36347,37220,38302,39134,39562,40137,40778,41475,42210,42706,43122
"118","F",11301,22723,22739,22768,22828,22834,22985,23104,23173,23464,23819,24075,23971,23779,23669,23589,23571,23565,23586,23725,23834,23895
"119","M",11301,23670,23704,23795,23903,23969,24167,24270,24332,24635,25036,25298,25199,24988,24763,24601,24520,24371,24411,24570,24572,24523
"121","F",11302,7555,7517,7473,7417,7361,7343,7334,7311,7260,7228,7313,7280,7290,7168,7129,7123,7112,7072,7106,7151,7160
"122","M",11302,7874,7876,7855,7847,7833,7844,7837,7818,7881,7875,7799,7767,7773,7637,7581,7588,7556,7531,7595,7636,7633
"124","F",11303,43532,43700,44114,44188,44117,44161,44096,43860,43920,43939,43907,43978,43915,43941,44192,44544,44936,45294,45633,45967,46258
"125","M",11303,42706,42828,43170,43226,43140,43108,43257,43372,43521,43480,43722,43870,43830,43885,44121,44529,45074,45586,46014,46223,46251
"127","F",11401,35541,36730,37639,38506,39306,40048,40945,41562,42383,43208,43797,44363,44779,45017,45444,45613,46008,46361,47034,47719,48275
"128","M",11401,34826,35931,36718,37480,38176,38798,39684,40286,41123,41953,43030,43658,44052,44302,44700,44868,45456,45896,46588,47215,47731
"130","F",11402,17312,17728,18092,18436,18874,19320,19592,19803,20316,20897,21581,21942,22131,22246,22279,22381,22641,22901,23226,23549,23819
"131","M",11402,16913,17289,17619,17946,18386,18798,19088,19313,19890,20528,20746,20966,21064,21091,21090,21103,21404,21615,21918,22173,22299
"133","F",11501,47284,48266,49166,49885,51022,52224,54103,56046,57172,58218,60226,61615,63149,64536,65692,66547,67342,68521,69679,70343,70821
"134","M",11501,46808,47804,48700,49420,50571,51741,53481,55358,56395,57332,58048,59413,60797,61861,62808,63600,64581,66016,67468,68211,68816
"136","F",11502,10817,10919,11103,11344,11504,11710,11954,12118,12299,12500,12487,12464,12506,12543,12553,12622,12690,12832,12992,13092,13237
"137","M",11502,10708,10809,10999,11239,11398,11603,11820,11969,12130,12305,12688,12571,12534,12485,12499,12508,12534,12719,12901,13023,13128
"139","F",11503,9814,10025,10269,10474,10646,10870,11117,11332,11538,11741,11590,11714,11753,11677,11678,11757,11811,11908,12035,12091,12149
"140","M",11503,9396,9592,9831,10022,10192,10404,10632,10848,11058,11258,11929,12009,12100,11933,11906,12002,12105,12275,12516,12630,12680
"142","F",11504,5779,5861,5913,5973,5991,6042,6143,6589,7528,8563,9094,10293,11000,11450,11941,12466,12702,12984,13289,13475,13707
"143","M",11504,5775,5853,5915,5979,6002,6046,6136,6566,7500,8503,9437,10712,11449,11862,12292,12818,13101,13456,13791,14008,14328
"145","F",11601,56491,56637,56757,56885,57272,57809,58555,59199,60031,60184,60758,60382,59581,59631,60104,60510,61124,62161,63256,64383,65215
"146","M",11601,56756,56851,56921,57017,57367,57799,58392,59005,59747,59793,60155,60005,59844,59658,59413,59607,60420,61696,62950,64087,65045
"148","F",11602,11620,12239,12861,13670,14983,16401,17373,18483,19890,21655,23242,25294,26814,28073,29200,30516,32179,33605,35102,36859,38152
"149","M",11602,12147,12693,13209,13948,15176,16491,17491,18631,20099,21918,23794,25852,27413,28666,29820,31213,33004,34565,36163,37970,39208
"151","F",11603,41909,43235,43735,44683,45623,46384,46867,47264,47778,48355,49019,48831,48775,49428,49890,50445,51062,51930,52672,53430,54039
"152","M",11603,40979,42236,42678,43570,44456,45130,45602,46061,46632,47292,48183,48092,48000,48316,48547,48860,49578,50639,51539,52471,53216
"154","F",11701,17954,17854,17745,17677,17701,17920,18221,18367,18407,18481,18584,18709,18759,18650,18750,18903,19180,19640,20115,20523,20845
"155","M",11701,18112,17944,17775,17653,17633,17794,18029,18173,18211,18287,18382,18449,18469,18431,18465,18550,18861,19378,19911,20386,20659
"157","F",11702,26924,26878,26585,26596,26492,26566,26435,25853,25602,25540,25155,25165,25128,25162,25141,25076,25381,25863,26215,26564,26731
"158","M",11702,28516,28359,27933,27823,27590,27556,27308,26420,26158,25993,25842,25591,25013,24673,24678,25025,25402,26001,26443,26821,26971
"160","F",11703,44787,45214,45711,46977,49438,51404,53473,55853,58011,59536,61604,65244,69465,73031,76021,78784,81256,83218,85293,87213,88113
"161","M",11703,50313,50858,51508,53162,56217,58593,61237,64275,67101,69045,71569,75469,79948,83918,87171,90186,92642,94810,96931,98742,100465
"163","F",11801,60947,61429,61511,62192,62954,63656,63337,62698,62570,62453,62251,62281,62546,62481,62474,63087,63833,64637,65448,66107,66910
"164","M",11801,56780,57227,57308,57944,58699,59327,59139,58927,58513,58486,58123,58147,58018,58240,58594,59259,60102,60976,62000,62714,63442
"166","F",11802,59623,59874,60068,60301,60771,61728,62169,62190,62490,62484,62837,62781,62737,62646,62906,63271,64757,66232,67558,68651,69529
"167","M",11802,57990,58436,58796,59218,59892,60968,61134,61148,61329,61387,61619,61609,61515,61442,61690,62075,63472,64904,66417,67355,68263
"169","F",11901,70352,70405,69929,69984,70687,71624,72602,72883,73013,73909,75010,75369,75736,75892,76374,77450,78988,80450,81807,82900,84134
"170","M",11901,70047,69931,69256,69115,69655,70369,71265,71575,71775,72703,73527,73604,73748,73662,74217,75184,76948,78567,80060,81188,82471
"172","F",11902,60703,60761,60566,60706,61413,62486,62836,62528,62217,61687,61465,61252,60935,60761,60966,61321,62198,63413,64279,64969,65422
"173","M",11902,60754,60775,60530,60610,61296,62295,62542,62317,62062,61608,62141,61581,60854,60398,60652,61332,62561,64302,65548,66427,67006
"175","F",11903,51584,51475,51099,50906,51310,51923,53112,53514,54035,55029,56302,56527,56846,57292,57850,58295,59083,60069,61099,61974,62747
"176","M",11903,49623,49607,49331,49231,49729,50380,51374,51724,52166,53058,53796,54041,54098,54345,54694,55065,55964,57068,58192,59154,59837
"178","F",11904,56335,56339,55985,55877,56319,56823,57392,57597,58068,58242,58916,59125,59606,60004,60486,60965,61975,63390,64513,65154,65473
"179","M",11904,53952,53935,53527,53395,53798,54219,54729,54947,55426,55645,56280,56463,57255,57875,58571,59267,60580,62328,63716,64474,64602
"181","F",12001,28297,28279,28155,28179,28377,28634,29057,29482,30137,30981,31632,32064,32560,33207,33993,34695,35510,36478,37885,38952,40088
"182","M",12001,26573,26545,26407,26418,26582,26807,27164,27579,28213,29014,29598,29931,30418,31014,31701,32351,33284,34368,35892,37012,38273
"184","F",12002,23906,23984,23811,23915,24121,24357,24646,25022,25448,25706,25900,25975,26283,26438,26477,26716,27154,27696,28208,28678,29038
"185","M",12002,22587,22569,22325,22334,22460,22588,22816,23173,23571,23817,24246,24288,24378,24421,24437,24527,24941,25437,25907,26291,26604
"187","F",12003,63871,63863,63421,63198,63462,64099,64495,64500,64836,64687,65146,65412,66074,66754,67464,68372,69733,70757,71895,72499,73227
"188","M",12003,62718,62634,62169,61930,62159,62718,62926,62902,63134,62897,63205,63415,63763,64430,65150,66107,67724,68989,70457,71083,71648
"190","F",12101,44133,44165,44177,44157,44641,45186,45554,45927,46571,47472,48171,48982,49503,50055,50628,51084,51790,52160,52878,53613,54330
"191","M",12101,40619,40784,40915,41028,41633,42241,42528,42950,43589,44499,45292,46096,46607,47099,47613,48071,48889,49358,50116,50768,51455
"193","F",12102,33308,33607,33864,34006,34324,34664,35231,35624,36046,36291,36504,37383,37906,38104,38398,38474,38959,39494,39852,40178,40389
"194","M",12102,31784,32041,32262,32409,32708,33005,33460,33831,34233,34431,35258,35921,36300,36511,36597,36776,37281,38026,38606,39111,39445
"196","F",12103,55367,55308,55047,54747,54375,54310,54488,54501,54762,55126,55923,55791,55703,55302,54782,54532,55050,56199,57434,58579,59427
"197","M",12103,51466,51471,51250,51037,50749,50698,50729,50786,51035,51359,51347,51299,51136,50840,50393,50217,50775,52026,53284,54362,55475
"199","F",12104,41674,41900,41923,42544,43287,44148,44482,44738,45129,45270,45232,45298,45495,45781,46134,46476,46983,47619,48360,48953,49441
"200","M",12104,36486,36743,36824,37404,38104,38889,39136,39266,39525,39694,40572,40596,40765,41061,41100,41430,42066,42893,43881,44599,45192
"202","F",12201,18689,18750,18779,19000,19080,19240,19276,19280,19309,19315,19438,19555,19604,19664,19646,20015,20369,20408,20905,21361,21722
"203","M",12201,17738,17792,17807,18012,18094,18228,18244,18298,18437,18459,18990,18977,18971,18982,18981,19011,19406,19444,20033,20538,21096
"205","F",12202,26786,26923,26932,27076,27215,27471,27811,28021,27979,28081,28338,28368,28163,27940,28286,28594,28954,29298,29976,30356,30685
"206","M",12202,26225,26388,26421,26588,26763,27035,27269,27415,27377,27491,27707,27709,27674,27670,27657,27658,27726,27839,28696,29221,29770
"208","F",12203,65582,65392,65029,65008,65148,65692,66057,66418,66993,67779,68494,68593,68751,68990,69582,70266,71393,72428,73367,74271,74996
"209","M",12203,64202,64037,63689,63687,63872,64401,64630,64930,65452,66184,66849,66968,67045,67192,67589,68056,69236,70425,71523,72503,73427
"211","F",12301,9011,9841,10561,11477,12751,13693,14796,16105,17456,18666,20171,21142,21838,22216,22848,23258,24109,24955,25827,26592,27378
"212","M",12301,8926,9711,10393,11261,12486,13376,14437,15721,17053,18251,19352,20268,20865,21174,21773,22139,23054,23955,24883,25647,26406
"214","F",12302,72467,73393,73894,74207,74524,75040,75260,75342,75518,75697,75976,75970,75679,75131,75049,74978,75335,75868,76718,76953,77314
"215","M",12302,71306,72165,72591,72859,73127,73546,73648,73694,73875,74075,74603,74412,74166,73679,73329,72760,73204,73784,74563,74799,75107
"217","F",12303,13095,13437,13752,14097,14431,14791,15024,15387,15675,16049,16384,16555,16848,17066,17235,17442,17608,17877,18138,18362,18650
"218","M",12303,13570,13873,14146,14449,14751,15070,15275,15638,15914,16303,16713,16874,17125,17299,17467,17638,17855,18141,18425,18635,18896
"220","F",12401,37192,37392,37485,37610,37709,37964,38217,38392,38596,38749,39061,39150,39187,39016,38902,38800,39009,39511,39948,40083,40179
"221","M",12401,35460,35658,35735,35852,35952,36171,36393,36586,36827,37010,37324,37563,37609,37246,36916,36646,36944,37479,37854,37942,38123
"223","F",12403,50960,52344,53680,54641,55465,56198,57327,58247,58964,59988,61617,62122,62161,61749,61964,62145,62562,63416,64036,64471,65178
"224","M",12403,51153,52460,53737,54632,55386,56034,57051,57975,58664,59676,60329,60555,60530,60241,60310,60405,60898,61956,62767,63150,63659
"226","F",12404,15302,15880,16319,16525,16728,17002,17155,17225,17396,17663,17778,17746,17790,17788,17775,17788,17935,18173,18301,18406,18479
"227","M",12404,15298,15861,16293,16483,16691,16959,17091,17162,17325,17602,17950,18004,17933,17776,17632,17578,17776,18076,18250,18376,18464
"229","F",12405,26337,26812,26843,26821,26779,26857,26789,26634,26557,26563,26447,26310,26228,26060,26069,26031,26210,26506,26773,26819,26936
"230","M",12405,26212,26685,26710,26699,26671,26735,26655,26521,26451,26451,26630,26471,26299,26066,26061,25976,26233,26526,26772,26845,26972
"232","F",12501,24791,24980,25144,25452,25922,26395,26662,26683,27078,27519,28211,29038,29697,30624,31834,32779,33929,35019,36079,36846,37485
"233","M",12501,25522,25728,25897,26237,26734,27200,27722,28581,29230,29769,30799,31703,32396,33390,34781,35739,37022,38319,39559,40520,41017
"235","F",12502,27812,27779,27734,27830,27665,27715,27847,27983,28150,28350,28916,28875,28863,28915,29020,29125,29532,29956,30471,30886,31401
"236","M",12502,27327,27341,27342,27483,27383,27458,27597,27733,27968,28213,28306,28015,27885,28043,28258,28164,28652,29200,29840,30332,30757
"238","F",12503,60093,60257,60210,60191,60212,60456,60511,60893,61055,61571,61664,61516,61574,61710,62540,63901,65246,66871,68282,69723,70876
"239","M",12503,60810,60894,60777,60659,60614,60733,60741,60616,60659,61325,62155,61926,61842,62075,62795,63459,64995,66860,68412,69901,71348
"241","F",12504,49591,49812,49750,50150,50542,50934,51332,51699,52380,53095,53795,53743,54190,54846,55582,56836,58237,59946,61791,63393,64656
"242","M",12504,48755,49059,49073,49536,50021,50471,50863,51232,52020,52829,53673,54708,55467,56037,56697,57679,59191,61076,63264,65027,66346
"244","F",12601,20364,20351,20270,20188,20102,20126,20346,20480,20643,20871,21811,21727,21762,21914,21939,21976,22113,22290,22577,22796,23014
"245","M",12601,19989,20007,19963,19910,19865,19911,20120,20269,20465,20724,20491,20312,20264,20453,20562,20729,20921,21179,21523,21750,21935
"247","F",12602,53499,53877,54094,54333,54482,54936,55373,55345,55929,56240,58963,59149,59365,59591,59915,60350,61371,62305,62907,63644,64504
"248","M",12602,56887,56791,56627,56557,56424,56586,56919,56809,57499,57926,56247,56334,56409,56506,56676,56994,58247,59421,60244,61139,61897
"250","F",12701,19612,20864,22104,23271,24788,26342,28584,30346,32279,34135,35528,36709,37269,37712,38131,38751,39086,39566,40253,40898,41794
"251","M",12701,19391,20564,21718,22814,24243,25703,27854,29593,31505,33348,36074,37022,37492,37852,38144,38622,39016,39586,40340,40968,41729
"253","F",12702,83326,84443,85287,85957,86405,87394,87561,88222,88047,88212,88215,88017,87897,87400,88036,88415,89210,90424,91666,92298,92797
"254","M",12702,85806,86672,87245,87673,87864,88524,88594,88060,87504,87971,88718,88284,87810,87287,86985,86671,87475,88960,90261,90897,91163
"256","F",12703,32651,33549,34400,35280,36288,37497,38899,40426,41866,43653,44711,45895,46483,47042,47781,48566,49628,51298,52735,53686,54648
"257","M",12703,32766,33651,34472,35337,36328,37497,38743,40179,41554,43299,45569,46274,46650,47030,47536,48058,49238,51091,52630,53579,54451
"259","F",12801,48558,48692,48863,48875,48936,49141,49661,50455,51073,51484,52240,52553,52628,52578,52784,52891,53384,54280,55149,55669,55771
"260","M",12801,47811,47958,48101,48094,48190,48349,48627,49243,49712,49960,50587,50829,50870,50810,50935,50993,51447,52289,53023,53400,53737
"262","F",12802,49194,49839,50466,51148,51695,52520,53411,53834,54101,54560,54783,54781,54686,54445,54278,54169,54588,55273,55774,55788,55573
"263","M",12802,48643,49291,49878,50532,51089,51869,52501,52791,52931,53239,54291,54273,54020,53513,52963,52658,53120,53890,54489,54611,54556
"265","F",20101,40989,41193,41152,41098,41074,41245,41511,41801,42376,42734,43504,43910,44371,44651,45117,45545,46162,46975,47818,48848,49855
"266","M",20101,38910,39104,39047,38970,38943,39108,39141,39364,39792,40338,40587,41122,41682,41985,42454,42968,43647,44576,45569,46561,47434
"268","F",20102,12290,12421,12488,12552,12596,12672,12704,12744,12783,12874,12902,12871,12855,12920,12877,12863,12887,13040,13267,13421,13546
"269","M",20102,12577,12675,12674,12690,12671,12677,12702,12755,12815,12876,13016,12957,12934,12950,12891,12940,13042,13221,13438,13609,13706
"271","F",20103,11833,11890,11915,11910,11912,11921,11879,11842,11810,11789,11743,11781,11740,11724,11728,11739,11731,11743,11835,11845,11788
"272","M",20103,11958,12088,12164,12201,12263,12327,12274,12197,12163,12144,12209,12164,12147,12032,12003,11996,12061,12111,12225,12293,12327
"274","F",20201,35839,36207,36378,36507,36611,36762,37103,37518,38012,38787,39533,39984,40493,40851,41154,41769,42339,42787,43310,43965,44751
"275","M",20201,33744,34083,34222,34375,34472,34594,34893,35278,35699,36365,36779,37252,37879,38240,38512,39035,39824,40526,41290,42013,42589
"277","F",20202,18627,19018,19258,19516,19651,19814,19877,19907,19973,20033,20000,20153,20343,20537,20713,20844,21022,21235,21510,21697,21955
"278","M",20202,18431,18789,18963,19155,19273,19383,19392,19422,19509,19575,19809,19973,20163,20373,20536,20711,20997,21334,21673,21890,22095
"280","F",20203,6546,6470,6347,6234,6080,6041,6010,5940,5909,5845,5780,5757,5731,5668,5636,5616,5582,5549,5556,5530,5498
"281","M",20203,6805,6755,6656,6548,6467,6436,6387,6294,6259,6174,6153,6127,6084,6049,6030,5970,5955,5937,5902,5872,5805
"283","F",20301,5206,5328,5410,5497,5583,5660,5748,5832,6046,6298,6365,6409,6574,6802,7010,7155,7312,7529,7767,7992,8236
"284","M",20301,5393,5522,5590,5664,5743,5834,5907,5971,6168,6404,6733,6860,7021,7232,7411,7521,7688,7896,8152,8363,8589
"286","F",20302,78146,78512,78380,78077,78111,78225,78217,78551,79559,80473,81697,82675,83432,83969,84459,85051,85718,86597,87582,88740,89875
"287","M",20302,75987,76339,76174,75925,75882,76000,75822,76125,76775,77427,77886,79113,80085,80721,81314,82107,83031,84139,85298,86471,87713
"289","F",20303,21265,21904,22297,22779,23193,23600,23928,24273,24620,25224,25607,26305,26620,26946,27244,27550,28294,29063,29913,30731,31517
"290","M",20303,20536,21056,21424,21735,22150,22485,22772,23086,23407,23962,24681,25375,25761,25988,26356,26671,27413,28191,29019,29794,30650
"292","F",20401,21620,21692,21686,21658,21689,21744,21969,22179,22388,22618,22926,23022,23262,23455,23624,23764,24051,24166,24329,24601,24842
"293","M",20401,23250,23165,22969,22790,22655,22541,22678,22882,23059,23263,23502,23616,23907,24077,24293,24432,24779,24999,25193,25463,25677
"295","F",20402,21999,22026,21991,21951,21968,21978,22018,22170,22206,22158,22219,22278,22290,22348,22414,22518,22543,22612,22661,22741,22746
"296","M",20402,21575,21575,21500,21426,21366,21330,21338,21269,21288,21333,21352,21402,21445,21466,21529,21639,21757,21864,21993,22054,22091
"298","F",20403,28253,28644,28959,29055,29291,29481,29735,29936,30251,30679,31062,31340,31590,31839,31904,31908,31907,31997,32212,32531,32803
"299","M",20403,29359,29656,29809,29795,29964,30014,30232,30380,30583,30822,31048,31340,31603,31834,31860,31844,31974,32171,32487,32788,33176
"301","F",20501,16769,16940,16976,17095,17145,17186,17292,17427,17628,17929,18173,18300,18477,18688,18948,19281,19606,19990,20531,21266,21909
"302","M",20501,17027,17145,17155,17259,17247,17259,17331,17424,17512,17617,17760,17858,17983,18129,18288,18636,19054,19515,20143,20948,21597
"304","F",20502,18451,18751,18994,19203,19369,19495,19658,19726,19717,19612,19609,19823,19965,20176,20347,20525,20707,20874,21084,21302,21492
"305","M",20502,18834,19085,19301,19480,19593,19680,19748,19733,19639,19515,19408,19449,19515,19749,19942,20176,20417,20673,20941,21202,21442
"307","F",20503,23499,23596,23619,23679,23714,23800,24014,24338,24808,25455,25957,26172,26426,26598,26858,26967,27257,27626,28034,28610,29110
"308","M",20503,23312,23333,23293,23255,23231,23224,23477,23800,24180,24743,25198,25377,25650,25841,26135,26245,26645,27094,27577,28224,28833
"310","F",20504,37193,37099,36618,36129,35770,35454,35457,35448,35410,35341,35370,35378,35365,35375,35442,35730,35895,36156,36398,36788,37155
"311","M",20504,37707,37413,36721,36063,35545,35055,34874,34791,34484,34179,34065,34172,34248,34298,34410,34662,34958,35363,35725,36118,36454
"313","F",20505,21159,21109,21005,20848,20669,20527,20291,20103,20025,20045,20007,19866,19796,19792,19822,19897,20024,20167,20308,20471,20635
"314","M",20505,21617,21543,21384,21196,20981,20797,20940,21020,20969,20756,20654,20645,20586,20540,20566,20628,20718,20876,21077,21213,21325
"316","F",20601,37472,37474,37357,37165,37252,37441,37442,37194,37124,36861,36781,37034,37232,37581,38078,38592,39294,40129,41024,41626,42190
"317","M",20601,37015,36862,36553,36217,36185,36174,36048,35706,35606,35288,35315,35577,35785,36158,36641,37171,37944,38821,39771,40275,40721
"319","F",20602,23816,23736,23578,23447,23526,23639,23726,23701,23690,23672,23665,23762,23822,23966,24167,24516,24978,25471,25914,26215,26304
"320","M",20602,22543,22476,22302,22183,22271,22371,22466,22429,22439,22391,22426,22490,22582,22695,22875,23177,23559,23961,24348,24538,24667
"322","F",20603,28861,28765,28615,28679,28931,29449,29530,29435,29395,29500,29787,29782,29777,29899,30049,30227,30724,31316,31929,32380,32796
"323","M",20603,26733,26678,26557,26652,26934,27454,27372,27415,27435,27528,27368,27508,27588,27773,28111,28591,29082,29668,30291,30632,30899
"325","F",20604,19579,19642,19809,20258,20924,21992,23001,23603,24586,25843,27212,29760,32455,35091,37388,39341,41866,44163,46408,48060,49779
"326","M",20604,19895,19916,20060,20519,21223,22299,23444,24227,25356,26844,28187,30832,33694,36441,38809,40813,43275,45629,47922,49518,50449
"328","F",20605,35550,35833,36143,36525,37225,37930,38145,38255,38549,39071,40087,41131,42060,42974,43864,44747,45666,46520,47583,48215,48844
"329","M",20605,35781,35943,36118,36410,37022,37632,37752,37966,38417,39114,39967,41089,42110,43043,43967,44894,45824,46654,47689,48160,48432
"331","F",20606,25849,25862,25833,25870,26083,26353,26445,26508,26513,26568,26658,27004,27171,27433,27726,28030,28400,28840,29269,29501,29476
"332","M",20606,22947,23049,23083,23194,23469,23785,24130,24075,24137,24517,24802,25211,25454,25848,26197,26598,26944,27423,27845,28017,28109
"334","F",20607,32550,32679,32938,33379,33842,34387,34635,34659,34750,34866,35144,35581,35905,36217,36643,37172,37971,38751,39525,40149,40637
"335","M",20607,31992,31973,32060,32372,32693,33061,33361,33419,33588,33814,34150,34651,35051,35428,35899,36476,37157,37848,38508,38944,39048
"337","F",20701,79847,79841,79487,79242,79853,80477,80911,81098,81235,81449,81976,81997,81995,82074,82291,82540,83310,84363,85232,85838,86301
"338","M",20701,70578,70824,70689,70704,71502,72319,72641,72848,73107,73453,74270,74889,75303,75811,76436,77065,77998,79045,80052,80488,80761
"340","F",20702,45098,44956,44608,44014,43514,43418,43445,43607,43827,44249,44551,44818,44770,44714,44722,44967,45340,45703,46092,46281,46476
"341","M",20702,44090,43975,43655,43110,42667,42597,42606,42609,42680,42811,42847,42791,42780,42751,42728,42651,42990,43324,43640,43704,43735
"343","F",20703,45268,45265,45147,44982,45005,45155,45509,46133,46684,47002,47261,47405,47581,47713,48021,48390,48970,49714,50452,50913,51252
"344","M",20703,42347,42174,41866,41559,41433,41364,41502,41923,42292,42533,42927,42921,42982,43223,43619,44324,45198,46230,47302,47733,47720
"346","F",20801,44900,44841,44548,44505,44629,44991,45231,45314,45497,45789,46242,46438,46607,46773,47010,47438,48020,48740,49378,49785,50035
"347","M",20801,41039,40910,40546,40447,40508,40777,40888,40946,41128,41519,42020,42279,42481,42621,42863,43369,44021,44795,45472,45809,46084
"349","F",20802,63591,63568,63673,63778,64127,64813,65176,65308,65494,65833,66476,66808,67066,67644,68262,69089,70208,71501,72847,73505,73773
"350","M",20802,59625,59649,59699,59849,60204,60875,61096,61249,61492,61848,62252,62771,63190,63962,64859,66149,67361,68652,70032,70495,70763
"352","F",20803,45960,46178,46343,46477,46812,47320,47810,48579,49254,50093,50906,51632,52196,52742,53273,53894,54852,55790,57154,57735,58090
"353","M",20803,44493,44622,44684,44727,44978,45388,45876,46592,47252,47666,47670,48431,49105,49593,50129,50827,51906,52893,54284,54811,55193
"355","F",20804,19852,19831,19789,19780,19835,19921,19874,19895,19970,19850,19765,19829,19952,20135,20247,20444,20676,21035,21267,21367,21344
"356","M",20804,17454,17502,17542,17622,17748,17891,17929,17817,17757,17983,18199,18326,18457,18645,18723,18984,19208,19543,19805,19843,19924
"358","F",20901,60667,60574,60209,59751,59711,60134,60590,60763,60818,60626,60547,60251,60071,59661,59845,60152,60915,61602,62511,62871,63061
"359","M",20901,58517,58243,57691,57079,56899,57100,57106,57338,57270,57288,57420,57308,57242,57000,57304,57811,58447,58978,59737,59909,59922
"361","F",20902,41578,41422,41126,40811,40876,41233,41460,41259,41273,41251,41685,41717,41768,42061,42524,43020,43831,44657,45535,46063,46555
"362","M",20902,40243,39969,39561,39151,39084,39291,39208,39298,39189,39285,39291,39390,39539,40013,40732,41586,42380,43436,44492,44964,45416
"364","F",20903,27871,28491,29066,29478,29885,30253,30578,30969,31375,31779,32102,32119,32108,32196,32396,32616,32803,33075,33038,33214,33302
"365","M",20903,28010,28621,29163,29562,29948,30315,30581,30965,31350,31699,32019,32119,32131,32336,32633,32931,33078,33356,33314,33250,33085
"367","F",20904,50690,51855,52820,53509,54280,55442,56581,58148,59672,60952,62711,64039,65619,66666,67968,69406,71716,74614,78255,82260,86806
"368","M",20904,51997,53029,53834,54453,55117,56148,57106,58525,59913,61088,62595,64011,65638,66632,67969,69415,71808,74770,78458,82092,86183
"370","F",21001,29053,28919,28723,28704,28711,28742,28656,28976,28893,28827,28898,28817,28612,28475,28409,28433,28480,28668,28880,29036,29192
"371","M",21001,29279,29001,28666,28511,28393,28281,28166,27948,27978,28081,28080,27829,27607,27458,27327,27403,27491,27710,27951,28038,27939
"373","F",21002,9236,9424,9628,9794,9912,10115,10460,10777,11060,11296,11679,11784,11916,12123,12327,12472,12640,12886,13244,13497,13765
"374","M",21002,9500,9663,9864,10021,10117,10309,10665,10983,11251,11504,11788,11871,12022,12244,12389,12556,12727,12954,13285,13479,13637
"376","F",21003,32177,31950,31582,31203,31064,31148,31372,31547,31721,31832,32162,32183,32185,32318,32478,32854,33428,33920,34686,35226,35590
"377","M",21003,31925,31586,31075,30602,30348,30286,30336,30293,30371,30319,30510,30545,30587,30751,30943,31415,32189,32849,33911,34471,34964
"379","F",21004,11625,12144,12712,13133,13584,13960,14381,14391,14669,15005,15561,15827,16316,16804,17261,17667,17984,18366,18774,19067,19297
"380","M",21004,11810,12245,12733,13082,13443,13748,14085,14032,14238,14511,14947,15205,15731,16286,16669,17054,17442,17858,18315,18582,18715
"382","F",21005,42534,43565,44706,45420,46153,46675,47771,48917,50023,51307,53272,54585,55903,57163,58514,59976,61660,63500,65605,67428,69105
"383","M",21005,42967,44056,45224,46026,46816,47379,48341,49364,50367,51408,53299,54621,55988,57258,58590,60027,61799,63612,65750,67428,69078
"385","F",21101,65328,65976,66480,67262,67591,68502,69405,70662,71974,73128,74366,75127,75546,75471,75508,76198,76686,77237,77936,78248,78283
"386","M",21101,65374,65838,66115,66704,66873,67576,68217,69090,70130,71269,72196,72870,73455,73522,73795,74115,74735,75386,76279,76481,76383
"388","F",21102,10619,10834,11025,11150,11419,11764,11951,12238,12618,12812,12891,12965,13015,12999,13120,13248,13303,13404,13441,13454,13433
"389","M",21102,10401,10625,10806,10939,11207,11544,11735,11972,12285,12417,12833,12883,12953,12992,13092,13155,13186,13211,13248,13249,13221
"391","F",21103,47210,47647,48017,48090,48297,48622,48921,49389,49978,50472,50995,51107,51244,51416,51645,51862,52347,53135,54170,54535,54842
"392","M",21103,45980,46312,46543,46507,46605,46795,46969,47313,47708,47994,48301,48439,48538,48609,48892,49151,49793,50496,51435,51728,52038
"394","F",21104,29786,29637,29355,28939,28734,28696,28761,28817,29056,29115,29307,29244,29222,29267,29226,29228,29624,29845,30162,30325,30489
"395","M",21104,28762,28580,28249,27839,27606,27523,27512,27544,27400,27480,27366,27396,27301,27280,27376,27797,28097,28316,28682,28764,28821
"397","F",21105,67361,67562,67627,67419,67607,67990,68295,68674,69324,70054,70758,71153,71286,71266,71111,71386,71878,72687,73712,74236,74573
"398","M",21105,68678,68597,68409,67936,67930,68096,68324,68663,69198,69873,70214,70494,70653,70645,70955,71262,71808,72401,73157,73434,73482
"400","F",21201,19093,19513,19908,20211,20539,20889,21233,21759,22379,22912,23435,23929,25018,26404,27587,29038,30277,31954,34109,36166,38264
"401","M",21201,19030,19511,19957,20278,20667,21034,21326,21814,22422,22924,23532,24054,25130,26545,27667,29020,30257,31884,33986,35867,37735
"403","F",21202,35794,38041,40022,41559,42898,44119,45486,47100,48871,50467,52547,54046,55506,56795,57936,58799,60099,61615,63082,64199,64931
"404","M",21202,35744,37954,39862,41320,42629,43787,45083,46659,48369,49911,51547,53248,54902,56276,57460,58293,59720,61210,62716,63625,63935
"406","F",21203,22823,23952,25206,26774,28612,29870,31006,32497,33933,36145,37852,40465,43786,46483,48900,51392,54002,56995,60065,63039,66144
"407","M",21203,23070,24220,25494,27095,28966,30250,31333,32841,34256,36442,38498,41155,44458,47092,49525,51956,54675,57709,60815,63608,66272
"409","F",21204,84796,84864,84395,83899,83675,83816,83487,82797,82104,81740,81103,80714,80446,80422,80562,81288,82550,84074,85520,86329,87282
"410","M",21204,84756,84707,84114,83519,83204,83241,82985,82351,81837,81242,81108,80775,80504,80657,81181,82449,84039,85944,87832,88744,89906
"412","F",21205,80604,80015,79071,77989,77566,77491,77566,77788,78011,78471,78831,78860,78924,79114,79692,80451,81342,82334,83795,84566,85489
"413","M",21205,79985,79183,78019,76751,76148,75850,75648,75834,75943,76310,76922,77188,77460,77812,78621,79795,80758,81734,83138,83680,84472
"415","F",21301,66360,67481,68662,69668,70859,72235,73769,75976,77570,78694,79087,79709,80180,80977,81915,82655,83891,85550,87797,89617,91094
"416","M",21301,67485,68487,69524,70435,71544,72811,73727,74975,76198,77063,78785,79533,80094,80896,81834,82639,84277,86211,88833,90600,91768
"418","F",21302,34507,34697,35008,35364,35793,36506,37160,38002,38705,39241,39741,39966,40024,39621,39821,40050,40441,40800,41236,41485,41667
"419","M",21302,34603,34681,34868,35125,35461,36049,36514,37201,37738,38188,38533,38721,38833,39011,39151,39443,40047,40454,41055,41155,41087
"421","F",21303,31051,31165,30899,30722,30657,30806,30756,30317,30077,30309,30337,30614,30980,31230,31639,32186,33181,34231,35145,35991,36768
"422","M",21303,31542,31426,30903,30487,30194,30099,30190,30286,30361,30402,30511,30943,31536,31938,32498,33332,34485,35671,36727,37622,38386
"424","F",21304,22625,23195,23699,24240,24819,25519,26243,27078,28569,30495,32641,35012,37878,40594,43815,47102,50297,53618,57467,61361,64486
"425","M",21304,22913,23499,23932,24494,25086,25775,26342,27102,28406,30188,32471,34972,37896,40601,43871,47161,50374,53585,57336,60940,63740
"427","F",21305,34242,35651,36943,37870,38941,40055,41046,41929,43027,44186,45457,47245,49878,52709,56182,59542,63724,68295,73506,79550,85362
"428","M",21305,34843,36171,37377,38235,39287,40351,41273,42153,43220,44374,45727,47525,50148,53116,56631,60032,64385,69027,74375,80253,85978
"430","F",21401,52977,53811,54196,54378,54744,55275,55720,55932,56420,57180,58000,58402,58929,59696,60370,61200,62177,63392,64647,65621,66460
"431","M",21401,51559,52260,52468,52532,52798,53160,53422,53543,53931,54577,55306,55860,56554,57428,58160,58948,60005,61297,62605,63431,63890
"433","F",21402,55999,56815,57353,57947,58697,59689,60940,62222,63772,65544,67405,68540,69311,69837,70395,71119,72424,73837,75300,76282,76700
"434","M",21402,54403,55088,55432,55883,56492,57295,58309,59445,60811,62445,64169,65457,66309,66837,67364,68198,69316,70566,71702,72260,72571
"436","F",21501,33250,33159,32810,32416,32016,31719,31532,31424,31283,31095,30922,30813,30600,30427,30293,30166,30030,29945,30023,29959,29775
"437","M",21501,33511,33444,33103,32750,32372,32065,31804,31567,31482,31257,31061,30927,30701,30465,30293,30185,30182,30237,30349,30339,30254
"439","F",21502,22243,22481,22546,22688,22785,22985,23280,23633,23988,24332,24701,24982,25047,25145,25322,25639,25737,25830,25915,26025,26092
"440","M",21502,22289,22484,22484,22565,22610,22746,22973,23282,23573,23874,24164,24423,24487,24532,24659,24901,25118,25310,25458,25600,25730
"442","F",21503,21311,21310,21134,20922,20619,20408,20287,20135,19987,19884,19939,19906,19811,19664,19574,19460,19268,19130,19057,18848,18597
"443","M",21503,21988,21942,21729,21480,21136,20880,20694,20546,20349,20205,20179,20113,20016,19911,19853,19860,19772,19687,19660,19448,19186
"445","F",21601,16793,16950,17005,17082,17191,17257,17402,17533,17674,17781,17957,18069,18159,18150,18298,18344,18376,18438,18481,18510,18442
"446","M",21601,17193,17355,17400,17472,17579,17628,17671,17759,17873,17971,18073,18168,18218,18227,18434,18555,18589,18626,18652,18630,18615
"448","F",21602,12382,12501,12459,12489,12526,12648,12709,12794,12855,12940,13038,13079,13133,13210,13391,13694,13785,13927,14000,14093,14107
"449","M",21602,12713,12859,12860,12941,13012,13174,13186,13215,13265,13320,13366,13358,13450,13474,13578,13783,13918,14041,14140,14238,14299
"451","F",21603,26353,26640,26822,27011,27209,27326,27540,27786,28055,28595,28643,28834,28999,28937,28917,29070,29336,29753,30196,30551,30654
"452","M",21603,25513,25804,25979,26192,26401,26519,26678,26899,27164,27674,28362,28607,28804,28749,28707,28888,29199,29555,30093,30511,30885
"454","F",21701,20002,19889,19592,19309,19097,19007,18909,18803,18678,18554,18505,18513,18555,18498,18517,18436,18423,18418,18396,18296,18172
"455","M",21701,20654,20471,20099,19770,19504,19337,19265,19091,18911,18724,18538,18512,18461,18471,18514,18583,18602,18613,18569,18467,18306
"457","F",21702,41443,41550,41347,41036,40928,40998,41083,41151,41305,41421,41595,41857,41950,42097,42163,42321,42462,42580,42712,42907,43069
"458","M",21702,41322,41476,41275,41035,40922,41026,40877,40860,40912,40974,41029,41208,41364,41398,41534,41718,41968,42255,42629,42867,43052
"460","F",30101,26006,27026,27926,28903,29832,30581,31165,31567,32141,32941,33834,34597,35142,35355,35495,35615,35693,35875,36111,36277,36564
"461","M",30101,25970,26943,27826,28801,29692,30428,30981,31345,31938,32685,33420,34082,34565,34750,34909,34953,35175,35433,35738,35827,36048
"463","F",30102,18125,19307,20493,21375,22306,23462,24323,25130,26055,27040,28129,29069,30778,32151,33388,34445,35831,37337,38685,39449,40325
"464","M",30102,18171,19216,20290,21065,21899,22923,23717,24494,25376,26278,27261,28096,29667,31023,32218,33155,34518,35975,37318,37985,38849
"466","F",30103,22428,22558,22685,22878,23292,23825,24138,24479,24716,25355,26514,27385,28070,28814,29427,30025,30918,31815,32785,33452,34127
"467","M",30103,21277,21392,21548,21740,22142,22693,23021,23398,23710,24272,25288,26145,26771,27551,28094,28722,29702,30700,31841,32454,33126
"469","F",30201,12132,12439,12902,13543,14100,14508,14827,15334,15712,16261,16776,17083,17355,17611,18051,18342,18651,18970,19562,19854,20086
"470","M",30201,11638,11932,12385,13004,13560,13954,14271,14699,14991,15472,15891,16183,16425,16720,17039,17209,17574,17939,18633,18943,19118
"472","F",30202,32350,32009,31706,31466,31380,31550,31575,31628,31561,31631,31903,32206,32305,32417,32659,32765,33166,33674,34271,34741,35312
"473","M",30202,29338,28956,28646,28364,28240,28324,28336,28341,28349,28511,28956,29162,29274,29530,29788,30020,30610,31317,32133,32667,33234
"475","F",30203,13765,13746,13827,13784,13851,14126,14362,14426,14425,14591,14831,15239,15307,15372,15475,15712,16081,16551,17020,17400,17719
"476","M",30203,13578,13576,13646,13587,13708,13994,14212,14282,14293,14488,14759,14874,14944,15018,15117,15343,15854,16578,17251,17767,18241
"478","F",30204,20478,20572,20844,21270,21560,21917,22226,22685,23255,23403,23759,24353,24750,24891,25307,25678,26145,26772,27232,27615,28048
"479","M",30204,19891,19949,20098,20438,20643,20928,21191,21693,22258,22429,22652,23158,23401,23560,23905,24151,24688,25386,25907,26284,26724
"481","F",30301,17968,17875,18001,18305,18689,19279,19927,20297,20758,21426,21819,22287,22477,22623,22862,23234,23706,24189,24526,24817,25097
"482","M",30301,16871,16788,16876,17182,17572,18100,18481,18861,19317,19953,20371,20759,21009,21149,21412,21859,22377,22982,23378,23611,23913
"484","F",30302,29264,29214,29018,28986,28989,29130,29083,29126,29115,29247,29517,29937,30339,30600,31148,31563,31997,32573,33241,33705,34330
"485","M",30302,26636,26660,26574,26651,26752,26965,26985,27069,27135,27390,27776,28330,28863,29403,30156,30724,31337,32196,33146,33730,34321
"487","F",30303,26361,26525,27048,27425,27838,28192,28537,28878,29187,29439,29954,30464,30856,31304,31882,32357,32784,33223,33838,34275,34876
"488","M",30303,24764,25003,25620,26072,26551,26974,27247,27541,27820,28035,28539,29043,29500,29926,30471,30959,31626,32180,32901,33257,33748
"490","F",30304,17143,17024,16792,16613,16545,16662,16660,16705,16808,16855,16958,17159,17263,17365,17572,17832,17955,18185,18523,18741,18983
"491","M",30304,16308,16219,16066,15960,15925,16064,16072,16097,16120,16196,16374,16598,16758,16919,17281,17625,17792,18144,18593,18851,19173
"493","F",30305,11048,11360,11661,12191,13010,13918,14731,15622,16492,17115,18005,18894,19965,21106,21833,23002,24321,25521,26810,27504,28059
"494","M",30305,11227,11536,11833,12357,13125,14016,14850,15816,16709,17408,18135,18964,20027,21134,21906,22979,24298,25506,26795,27372,27826
"496","F",30306,15421,15620,15869,16081,16314,16672,17454,18119,18964,19859,20609,21227,21644,21932,22226,22581,22809,23192,23539,23797,24255
"497","M",30306,15193,15381,15647,15851,16116,16447,17200,17911,18743,19616,20401,20945,21283,21571,21878,22262,22540,22996,23472,23715,24191
"499","F",30401,11743,12040,12516,12858,13316,13567,13755,14331,14731,15027,15363,15750,16039,16387,16593,16872,16978,17020,17058,17038,16897
"500","M",30401,11364,11640,12081,12390,12819,13060,13255,13734,14089,14361,14684,15063,15328,15612,15773,15967,16149,16276,16387,16410,16488
"502","F",30402,16058,16434,16815,17077,17261,17541,17887,18176,18381,18713,19174,19710,20114,20466,20845,21295,21716,22143,22634,22895,23112
"503","M",30402,15515,15848,16229,16500,16665,16931,17201,17552,17814,18102,18318,18853,19262,19625,20010,20411,20934,21394,21956,22281,22415
"505","F",30403,20830,20950,20915,20965,21106,21294,21297,21609,21783,21802,21941,22324,22747,23085,23363,23830,24109,24459,24797,25017,25298
"506","M",30403,19300,19454,19488,19592,19807,19982,20010,20013,20070,20142,20266,20751,21194,21691,22062,22659,23118,23636,24203,24506,24602
"508","F",30404,19152,19409,19733,19928,20276,20682,20824,20980,21060,21240,21483,22079,22598,22903,23131,23303,23634,23954,24304,24641,24855
"509","M",30404,19209,19323,19506,19610,19828,20072,20058,20102,20155,20370,20606,21183,21662,22028,22139,22330,22874,23337,23802,24188,24438
"511","F",30501,15223,15148,14945,14981,15457,15919,16282,16638,17202,17920,18599,19752,21849,23170,24430,25694,26791,27402,28032,28351,29017
"512","M",30501,16347,16219,15964,15997,16525,17027,17516,18010,18741,19653,20414,21659,23991,25440,26840,28256,29532,30359,31165,31529,32375
"514","F",30502,14597,14474,14359,14331,14393,14519,14672,14888,15169,15438,15588,15935,16388,16824,17283,17644,18157,18615,18987,19267,19565
"515","M",30502,14326,14234,14184,14183,14269,14451,14587,14792,15029,15239,15395,15717,16178,16634,17121,17499,18199,18780,19302,19626,20010
"517","F",30503,31158,30958,30864,30819,31015,31375,31416,31598,31948,32159,32533,33439,34261,35137,35678,36699,37334,38023,38617,39081,39709
"518","M",30503,28093,28052,28113,28213,28644,29067,29149,29344,29760,30057,30757,31641,32454,33470,34000,35183,36102,37069,38061,38625,39360
"520","F",30504,22875,22813,22761,22834,22968,23395,23602,23663,23698,23876,24215,24796,25398,25743,26315,26803,27157,27601,28001,28351,28673
"521","M",30504,21650,21605,21574,21632,21758,22194,22322,22496,22577,22667,23182,23736,24299,24705,25273,25833,26291,26864,27378,27725,28041
"523","F",30601,11877,12640,13513,14369,15163,15665,16009,16395,16764,17005,17156,17496,18158,18889,19621,20511,21387,22320,23397,24182,24771
"524","M",30601,12550,13299,14173,15023,15799,16303,16569,16805,17037,17197,17285,17618,18245,18888,19571,20418,21199,22040,22969,23639,24175
"526","F",30602,30869,31473,32540,33642,35066,36378,36856,37474,37800,38152,38356,38996,39881,40719,41866,43202,44601,46435,47845,48680,49166
"527","M",30602,31765,32569,33892,35210,36909,38452,39018,39155,39136,39054,38940,39581,40445,41341,42609,44072,45313,46877,48076,48827,49393
"529","F",30603,15545,15745,16095,16338,16372,16580,16703,16762,16805,16985,16953,16967,17072,17100,17181,16775,16884,16893,16872,16841,16728
"530","M",30603,16572,16808,17206,17499,17580,17834,18009,18119,18218,18438,18455,18333,18246,18157,18022,17936,18071,18108,18099,18080,17990
"532","F",30604,3557,3718,3832,4030,4231,4415,4641,4750,4772,4757,4864,4952,5001,4965,4931,5002,5123,5243,5321,5339,5388
"533","M",30604,3885,4085,4221,4447,4681,4889,5134,5252,5281,5246,5360,5452,5489,5455,5431,5485,5580,5678,5719,5727,5750
"535","F",30605,15678,15964,16263,16407,16565,16826,16936,17112,17122,17190,17316,17332,17567,17690,17894,18179,18579,19072,19420,19661,19832
"536","M",30605,16048,16348,16661,16802,16971,17241,17237,17236,17150,17158,17157,17544,17682,17801,17954,18183,18524,18900,19205,19392,19588
"538","F",30701,20647,20606,20485,20135,19699,19448,19466,19563,19626,19724,19925,20008,20037,19934,19931,20062,20286,20618,20893,21161,21494
"539","M",30701,22562,22505,22329,21882,21381,21107,21133,21247,21369,21528,21773,21657,21547,21452,21368,21418,21649,22025,22299,22659,23008
"541","F",30702,18325,18402,18403,18305,18067,17929,17942,17988,18018,18278,18490,18569,18597,18751,18962,19139,19248,19488,19804,20010,20279
"542","M",30702,19254,19408,19436,19367,19139,19019,19051,19079,19182,19440,19738,19763,19681,19710,19816,19880,20089,20358,20642,20808,21130
"544","F",30703,16581,16788,16997,17068,16985,16904,16963,17024,17098,17271,17406,17622,17783,17898,18097,18392,18720,19085,19484,19717,19947
"545","M",30703,16817,17023,17175,17249,17142,17057,17114,17200,17262,17415,17487,17657,17765,17849,18019,18219,18523,18775,19051,19213,19402
"547","F",30801,12148,12488,12566,12456,12476,12504,12471,12386,12206,12012,11944,12125,12311,12524,12702,12915,13140,13429,13700,13916,14148
"548","M",30801,14332,14657,14696,14497,14477,14430,14316,14121,13944,13724,13651,13916,14195,14560,14874,15236,15358,15577,15948,16123,16369
"550","F",30802,26854,27009,27410,27676,27859,28192,28469,28721,28850,29053,29482,29927,30430,31101,31545,32240,32830,33656,34410,34696,35509
"551","M",30802,28789,29088,29590,29998,30289,30761,30992,31168,31299,31393,31531,31993,32566,33375,33955,34837,35640,36649,37577,37856,38764
"553","F",30803,44822,45245,46128,46845,47089,47460,47751,48012,48261,48266,48627,48781,49398,50159,50707,51443,52431,53343,54453,55023,55772
"554","M",30803,44846,45274,46159,46897,47183,47533,47578,47753,47813,47661,47716,48616,49381,50420,51233,52304,53393,54336,55469,56076,56561
"556","F",30901,23738,23999,24385,24590,24855,25046,25770,26217,26666,27167,27946,28386,28619,28773,28797,29064,29522,29786,30354,30751,30989
"557","M",30901,22925,23242,23721,23988,24383,24633,25259,25622,25995,26429,27075,27621,27941,28206,28285,28645,28939,29040,29483,29776,29908
"559","F",30902,18959,19414,19750,20300,20818,21166,21723,22099,22585,23094,23620,24240,24740,24919,25073,25257,25574,25690,25871,26166,26550
"560","M",30902,18380,18885,19295,19891,20502,20882,21317,21657,22088,22555,23024,23752,24349,24595,24793,25102,25265,25254,25395,25484,25689
"562","F",30903,18633,19710,20670,21571,22454,23081,23722,24461,25363,26272,27032,27802,28486,28956,29232,29605,30041,30602,31227,31711,32202
"563","M",30903,17743,18605,19429,20161,20891,21396,21985,22762,23613,24488,25236,26035,26704,27197,27515,27961,28402,28828,29413,29740,30070
"565","F",30904,4973,5251,5525,5713,5896,6022,6213,6431,6599,6824,7028,7199,7603,7828,8057,8192,8438,8510,8714,8852,8917
"566","M",30904,5228,5514,5783,5964,6130,6272,6408,6572,6700,6883,7060,7310,7688,7934,8141,8295,8491,8577,8733,8817,8796
"568","F",30905,5405,5898,6627,7184,7842,8310,9127,10039,10710,11268,12080,12433,12960,13351,13613,14023,14686,15144,15592,16039,16383
"569","M",30905,5375,5843,6546,7096,7739,8194,9024,9920,10607,11156,11856,12189,12721,13143,13417,13844,14405,14813,15170,15520,15778
"571","F",30906,14972,16164,17148,17992,18999,19779,20523,20984,21555,22270,22724,24016,25604,26754,27650,28631,29689,30671,31636,32427,32985
"572","M",30906,14758,15883,16828,17655,18627,19350,20008,20398,20895,21518,22312,23453,25017,26087,26979,27939,28966,29863,30787,31452,31900
"574","F",30907,10299,11271,12283,13391,15097,16350,17464,18446,19971,21507,22960,24610,26427,28254,31034,33593,37383,41239,44369,46614,48754
"575","M",30907,10754,11713,12699,13841,15597,16855,17927,18856,20357,21846,22999,24751,26536,28321,31087,33601,37376,41165,44273,46368,48362
"577","F",30908,5038,6118,7279,8562,10357,11342,12183,12987,13573,14502,15351,16850,18520,20135,21211,21943,22980,23581,23971,24160,24572
"578","M",30908,4838,5868,6980,8150,9758,10669,11470,12201,12741,13615,14339,15724,17186,18727,19697,20370,21297,21856,22236,22351,22628
"580","F",30909,17572,18180,18880,20006,21098,21829,22357,22752,22984,23281,23671,24264,24605,25024,25459,26200,26684,27238,28051,28693,29005
"581","M",30909,16952,17553,18263,19405,20539,21262,21766,22124,22419,22670,23002,23488,23810,24238,24636,25373,25866,26455,27227,27756,27988
"583","F",30910,11990,12096,12139,12391,12814,13236,13614,14013,14399,14828,15200,15430,15951,16275,16576,16861,17356,17610,17785,17975,18153
"584","M",30910,12230,12289,12321,12547,12948,13362,13797,14303,14753,15225,15662,15924,16646,17243,17681,18074,18458,18677,18846,18978,19137
"586","F",31001,18159,18208,18743,19718,20436,21105,21955,23121,24372,25741,26814,26408,27647,28768,29195,29642,30217,30810,31389,32010,32688
"587","M",31001,18554,18769,19497,20658,21594,22463,22592,22991,23632,24083,24662,26874,27991,28914,29347,29676,30401,31224,31991,32791,33502
"589","F",31002,19335,19730,20440,21076,21607,22116,22450,22753,23075,23326,23068,23272,23686,24055,24863,25602,26035,26632,27438,28121,28582
"590","M",31002,20439,20905,21702,22415,23033,23599,23655,23786,23886,23878,24422,24616,24911,25226,25906,26494,27057,27720,28660,29363,29870
"592","F",31003,37651,38057,38572,39017,39286,39591,39752,39721,39594,39709,40953,41259,41900,42584,43369,44205,44969,46046,47394,48353,49262
"593","M",31003,39213,39431,39828,40097,40268,40430,40569,40583,40404,40519,39707,40527,41143,41859,42682,43498,44430,45621,47036,47970,48654
"595","F",31004,15011,15283,15885,16540,17045,17311,17507,17674,17905,18233,18718,19177,19879,20996,22853,24390,26584,28552,30726,32438,34156
"596","M",31004,15506,15756,16338,17004,17507,17733,17956,18129,18362,18683,18844,19601,20324,21441,23346,24908,27080,28992,31122,32738,34338
"598","F",31101,4733,4762,4830,4845,4877,4912,4924,4934,4931,4953,4926,5031,5159,5301,5473,5616,5761,5904,6143,6316,6423
"599","M",31101,4850,4902,4950,4962,4997,5040,5020,4996,4986,4982,5051,5174,5290,5440,5590,5698,5805,5903,6080,6196,6282
"601","F",31102,12319,12885,13216,13465,14054,14441,14684,14760,15033,15361,15662,15994,16364,16730,17137,17515,17771,18181,18674,19153,19646
"602","M",31102,12130,12696,13028,13269,13856,14254,14440,14456,14740,15038,15323,15694,16100,16497,16945,17393,17634,18045,18531,18997,19325
"604","F",31103,21412,22963,24517,26026,27560,28461,29122,29387,29682,30198,30850,31330,31856,32413,32804,33656,34531,35440,36310,36819,37565
"605","M",31103,21996,23471,24983,26433,27911,28742,29207,29323,29625,30143,30561,31136,31756,32392,32859,33856,34761,35648,36509,36993,37560
"607","F",31104,7606,8284,8937,9457,9959,10380,10745,11073,11385,11822,12251,13040,13728,14541,15252,15744,16394,17074,17776,18245,18801
"608","M",31104,8084,8799,9493,10048,10587,11031,11419,11741,12053,12495,12908,13649,14318,15131,15810,16258,16969,17730,18509,19006,19532
"610","F",31105,16302,16895,17789,18826,19856,20492,21171,21511,22040,22520,23059,23630,24028,24480,24993,25483,26090,26734,27566,28212,28824
"611","M",31105,17077,17584,18422,19448,20413,20989,21496,21805,22239,22622,22928,23523,23902,24408,24860,25259,25794,26379,27122,27665,28131
"613","F",31106,38124,37725,37287,36916,36488,36441,36230,35948,35626,35632,35566,35957,36157,36460,36815,37177,37408,37832,38244,38637,39096
"614","M",31106,38848,38383,37904,37436,36963,36860,36448,35987,35480,35280,35243,35562,35867,36109,36430,36775,37058,37565,38131,38462,38994
"616","F",31201,16689,16552,16421,16039,15646,15482,15277,14926,14502,14199,13987,14203,14411,14495,14690,14968,15310,15654,16025,16224,16432
"617","M",31201,19202,19095,18937,18527,18088,17946,17758,17431,17012,16684,16353,16727,17052,17250,17649,18078,18514,18931,19340,19636,19995
"619","F",31202,37744,38563,39171,39957,40685,41705,42218,42604,43075,43563,44123,45110,46046,47203,48783,50397,51440,52559,53780,54736,55755
"620","M",31202,38729,39698,40455,41370,42245,43400,43806,44115,44473,44816,45214,46444,47596,49082,51118,53170,54586,56085,57675,58933,60205
"622","F",31203,5431,5534,5734,5910,6191,6506,6665,6833,6939,7024,7190,7367,7554,7706,7941,8160,8367,8621,8823,8957,9075
"623","M",31203,5998,6128,6377,6610,6931,7313,7494,7674,7791,7877,8035,8289,8524,8757,9111,9421,9586,9763,9887,9981,10102
"625","F",31301,7954,8358,8887,9430,9877,10373,10781,11257,11549,11898,12205,12571,12940,13338,13648,14118,14602,15072,15507,15836,16086
"626","M",31301,8034,8420,8937,9434,9885,10360,10698,11090,11324,11639,11708,12145,12461,12832,13134,13571,14019,14459,14888,15169,15369
"628","F",31302,12451,13544,15095,16465,17538,18266,18883,19492,19965,20393,20909,21058,21803,22758,23527,24231,25353,26718,28192,29685,30811
"629","M",31302,12890,13924,15444,16767,17807,18466,18899,19357,19703,20000,19914,20601,21263,22188,22948,23588,24701,26033,27481,28822,29948
"631","F",31303,3650,3685,3779,3880,3984,4119,4255,4344,4582,4746,4580,4566,4588,4626,4707,4807,4795,4923,5198,5353,5505
"632","M",31303,3895,3928,4012,4110,4232,4379,4425,4472,4651,4746,5047,5239,5291,5471,5600,5833,5880,5958,6058,6142,6179
"634","F",31304,12727,13854,15330,16607,17781,18622,19469,20083,20574,21064,21581,22150,23117,24561,25885,26696,27722,28716,29446,30110,30477
"635","M",31304,12947,14044,15500,16794,17950,18774,19472,19999,20393,20789,21039,21897,22864,24321,25657,26459,27456,28390,29095,29656,29894
"637","F",31305,25176,25335,25308,25251,25220,25345,25244,24960,24968,25039,25591,25960,26382,26543,26788,27075,27671,28311,28924,29458,29797
"638","M",31305,23455,23603,23589,23546,23494,23614,23516,23468,23451,23543,23696,24016,24372,24579,24916,25219,25923,26621,27296,27763,28204
"640","F",31401,21675,22697,23442,24364,25358,26173,27127,28189,29260,30334,31537,32891,34571,35346,36328,37160,38320,39177,40292,41025,41568
"641","M",31401,22229,23216,23942,24786,25732,26493,27450,28483,29549,30594,31728,32877,34376,35256,36312,37214,38375,39301,40419,41102,41708
"643","F",31402,7599,8129,8505,8834,9264,9762,10164,10636,11166,11474,12135,13016,14109,15478,16667,17670,19546,21476,23437,25233,26948
"644","M",31402,7686,8213,8626,8954,9393,9892,10265,10699,11184,11459,12088,12887,13886,15166,16300,17256,19047,20893,22779,24384,25901
"646","F",31403,15607,15876,15957,16073,16230,16366,16451,16455,16441,16638,16794,17031,17221,17424,17589,17698,17892,18087,18165,18324,18416
"647","M",31403,15658,15873,15920,15986,16108,16193,16240,16254,16244,16427,16539,16744,16900,17149,17320,17435,17633,17896,18018,18180,18246
"649","F",31501,11570,11690,11799,11884,11969,12111,12272,12486,12742,13048,13455,13315,13388,13470,13524,13617,13928,14144,14308,14456,14685
"650","M",31501,13055,13225,13399,13532,13667,13872,13992,14092,14260,14480,14567,14962,14991,15076,15200,15245,15670,16038,16379,16691,16939
"652","F",31502,17066,16872,16602,16248,15811,15633,15546,15478,15380,15428,15433,15375,15350,15218,15104,14987,15198,15511,15626,15785,15977
"653","M",31502,19582,19454,19265,18953,18572,18451,18340,18225,18094,18108,18192,17618,17214,16919,17003,17062,17408,17925,18138,18339,18564
"655","F",31503,11692,11537,11359,11131,10821,10654,10584,10523,10481,10464,10498,10396,10212,10044,9942,9773,9763,9806,9869,9942,10031
"656","M",31503,13266,13031,12810,12482,12091,11867,11748,11667,11612,11542,11476,11337,11023,10818,10644,10398,10284,10274,10301,10362,10435
"658","F",31601,8041,9025,10055,11206,12305,13120,13894,15052,15893,16501,17362,18336,19652,20682,21512,22105,22694,23350,23960,24455,24829
"659","M",31601,7456,8427,9451,10552,11652,12455,13138,14161,14907,15425,16095,16881,17983,18872,19600,20102,20666,21265,21821,22247,22582
"661","F",31602,18732,19491,20288,21232,21992,22371,23123,23806,24598,25387,26223,27265,28881,30296,31394,32383,33500,34720,35941,36769,37335
"662","M",31602,17882,18680,19540,20536,21322,21761,22372,22951,23619,24289,24761,25727,27226,28568,29599,30575,31627,32816,33968,34670,35204
"664","F",31603,15644,16372,17204,17935,18543,18953,19564,20055,20570,21266,21855,22449,23011,23743,24264,24810,25415,26008,26495,26927,27286
"665","M",31603,15494,16215,17054,17808,18395,18828,19296,19748,20215,20801,21221,21777,22365,23214,23757,24419,24828,25250,25575,25791,26091
"667","F",31604,17596,18303,19204,20061,20791,21556,22294,22825,23200,23802,23987,24683,25452,26169,26651,27233,27800,28513,29223,29753,30130
"668","M",31604,17227,17855,18702,19511,20242,20967,21697,22168,22506,23037,23863,24501,25194,25965,26411,27023,27584,28256,28910,29329,29741
"670","F",31605,8550,9262,9874,10795,11741,12506,13076,13630,14155,14639,15162,15766,16209,16484,16753,17028,17494,18085,18589,18955,19267
"671","M",31605,8547,9233,9839,10724,11636,12387,12874,13349,13791,14207,14626,15131,15572,15823,16129,16364,16741,17252,17689,17937,18071
"673","F",31606,12821,13689,14551,15244,15995,16641,17115,17452,17819,18145,18667,19090,19782,20377,20985,21492,21928,22606,23291,23721,24103
"674","M",31606,13312,14181,15063,15786,16530,17162,17598,17901,18205,18475,18605,19059,19667,20133,20748,21202,21627,22279,22900,23269,23640
"676","F",31701,57285,58191,59297,60001,60254,60841,61381,62044,62684,63349,63357,64252,65149,66156,67527,68522,69569,70795,72246,73220,74054
"677","M",31701,53689,54354,55304,55859,56004,56442,56916,57297,57804,58311,59639,60581,61563,62732,64248,65410,66367,67507,68809,69682,70204
"679","F",31801,22700,22605,22475,22281,22088,22073,21977,21946,21883,21805,21690,21623,21543,21424,21301,21210,21399,21559,21731,21787,21892
"680","M",31801,24562,24517,24426,24291,24139,24217,24051,23755,23414,23102,22881,22637,22413,22054,21898,21813,22035,22240,22394,22490,22600
"682","F",31802,59458,60356,61806,62770,63591,64300,64891,65674,67173,68700,70067,71371,72813,74443,76520,78606,80772,83429,85873,87665,89686
"683","M",31802,62369,63180,64619,65566,66382,66946,67450,68258,69263,70692,71980,73779,75186,76765,78847,80913,82770,85115,87246,88926,90500
"685","F",31901,31245,31819,32650,33500,34223,34938,35414,35786,36051,36396,36736,37353,37897,38654,39637,40605,41398,42434,43205,43702,44018
"686","M",31901,30894,31500,32381,33252,34056,34783,35181,35471,35710,35918,36131,36618,37100,37796,38663,39560,40387,41333,42099,42594,42877
"688","F",31902,20167,20430,20823,21068,21108,21192,21284,21278,21266,21223,21427,21593,21750,21972,22190,22628,22858,23205,23648,23872,24144
"689","M",31902,21055,21355,21775,22098,22139,22256,22331,22298,22275,22237,22423,22548,22675,22836,23027,23282,23469,23751,24155,24353,24465
"691","F",31903,16064,16505,17023,17524,17740,18000,18298,18533,18685,18607,18822,19106,19550,20091,20711,21197,21713,22259,22828,23161,23431
"692","M",31903,16379,16852,17431,17966,18219,18507,18717,18957,19102,19015,19174,19400,19789,20303,20888,21339,21845,22364,22871,23133,23343
"694","F",31904,12030,13034,14269,15434,16278,16873,17261,17670,17914,18386,18853,19365,20390,21604,22615,23702,24860,25962,26978,27648,27973
"695","M",31904,11728,12687,13905,15033,15860,16444,16758,17066,17253,17654,17956,18442,19417,20592,21637,22658,23637,24513,25328,25804,26133
"697","F",31905,16577,16710,16977,17258,17464,17646,17754,17806,17846,17847,17956,18190,18540,18861,19262,19706,20113,20569,21042,21396,21614
"698","M",31905,16565,16739,17041,17353,17619,17828,17911,17941,17979,18001,18082,18345,18751,19129,19579,20143,20575,21051,21540,21842,22004
"700","F",40101,5491,5519,5605,5661,5842,5970,5947,5932,5956,6007,6134,6446,6801,7342,7825,8293,8836,9183,9522,9827,10057
"701","M",40101,5831,5956,6142,6304,6589,6809,6780,6738,6770,6866,7077,7411,7732,8271,8748,9186,9713,10034,10392,10698,10863
"703","F",40102,27205,27448,27904,28458,28877,29164,29545,29842,30219,30670,31062,31455,31860,32266,32745,33145,33524,33985,34397,34863,35122
"704","M",40102,27695,27882,28294,28794,29163,29380,29614,29875,30231,30549,30821,31284,31744,32188,32669,33050,33315,33662,34031,34388,34582
"706","F",40103,21375,21300,21235,21270,21368,21520,21683,21949,22187,22281,22414,22523,22618,22755,22904,23010,23031,23065,23172,23206,23140
"707","M",40103,18825,18795,18776,18826,18907,19129,19274,19510,19728,19836,19989,20086,20112,20243,20368,20404,20518,20613,20797,20885,20952
"709","F",40104,23469,23532,23458,23472,23500,23566,23651,23730,23909,24040,24162,24228,24348,24401,24516,24711,24978,25229,25577,25799,25841
"710","M",40104,22412,22434,22350,22318,22302,22357,22424,22481,22567,22648,22712,22800,22818,22831,22901,23035,23263,23499,23853,24094,24295
"712","F",40105,17743,17721,17760,17874,17859,18010,17999,17720,17549,17540,17655,17834,17955,18073,18167,18350,18474,18580,18665,18766,18847
"713","M",40105,15631,15568,15564,15628,15580,15694,15730,15768,15801,15840,15891,16081,16170,16316,16454,16617,16841,17014,17203,17424,17444
"715","F",40106,13728,13623,13515,13323,13350,13376,13385,13379,13399,13398,13387,13466,13572,13635,13706,13842,13953,14052,14108,14131,14155
"716","M",40106,12497,12492,12457,12366,12464,12579,12592,12582,12633,12679,12714,12861,12961,13060,13126,13296,13465,13618,13785,13881,13843
"718","F",40107,19642,19550,19499,19368,19250,19453,19553,19555,19458,19328,19415,19442,19531,19523,19571,19784,19923,20044,20151,20241,20245
"719","M",40107,17195,17081,17001,16859,16717,16881,16895,16993,17035,16996,16990,17049,17137,17135,17234,17427,17589,17777,17962,18090,18129
"721","F",40201,10164,10570,10921,11274,11509,11722,12104,12355,12515,12780,13078,13418,13783,14099,14491,14893,15405,15710,16102,16325,16413
"722","M",40201,10219,10600,10874,11193,11394,11587,11932,12156,12300,12552,12742,13120,13469,13768,14142,14496,14933,15190,15534,15731,15851
"724","F",40202,31925,32122,32142,32295,32516,32642,33030,33622,33891,34319,34496,34763,35069,35339,35830,36380,36948,37837,38777,39823,40907
"725","M",40202,31123,31478,31639,31927,32289,32572,32754,33276,33512,33828,34196,34476,34728,34969,35333,35748,36454,37424,38465,39534,40553
"727","F",40203,26285,26320,26088,25796,25684,25434,25721,26137,26297,26555,26521,26768,27197,27389,27834,28298,29075,29671,30220,30792,31173
"728","M",40203,25633,25657,25409,25125,25004,24762,24863,25170,25332,25482,25831,26208,26631,26890,27197,28087,28975,29709,30375,31101,31750
"730","F",40204,53416,53662,53676,54239,54488,54592,55059,55540,55830,56349,56354,57004,57775,58509,59418,60271,61543,62726,63946,64995,65779
"731","M",40204,54188,54441,54452,55058,55366,55511,55694,55866,55943,56164,56447,56785,57256,57892,58787,59568,60825,62108,63502,64755,65622
"733","F",40205,41211,42243,43295,44543,45586,46314,46197,46530,47024,47229,48058,48156,48234,48163,48068,48106,48100,48161,48187,48140,47949
"734","M",40205,41910,42531,43124,43866,44362,44647,45301,45919,46501,47066,46815,46819,46781,46503,46366,46343,46313,46354,46424,46455,46310
"736","F",40301,16468,16404,16365,16324,16292,16351,16460,16507,16749,16864,16983,16952,17024,17069,17181,17365,17552,17766,17882,17991,18017
"737","M",40301,14472,14414,14365,14291,14234,14302,14372,14433,14727,14875,14969,14970,15112,15152,15316,15485,15723,16053,16222,16373,16507
"739","F",40302,40728,40928,40971,40880,40695,40735,40590,40769,41191,41431,41464,41651,41812,41939,42119,42514,42979,43451,44102,44665,44970
"740","M",40302,38054,38193,38176,38025,37800,37804,37885,37951,38036,38250,38466,38632,38778,38979,39169,39438,39966,40435,41160,41820,42132
"742","F",40303,32362,32441,32034,31673,31317,31114,31322,31359,31569,31590,31596,31741,31931,32018,32141,32353,32458,32533,32626,32710,32812
"743","M",40303,29956,30099,29765,29456,29154,29034,28946,28992,28981,29081,29231,29344,29578,29651,29807,29986,30225,30370,30715,30873,30905
"745","F",40304,66824,69092,70545,71644,72463,72852,73512,74287,75052,75750,76251,76637,76964,77211,77716,78477,79290,80285,81437,82531,83512
"746","M",40304,66641,68846,70228,71240,71994,72345,73018,73494,74021,74656,75051,75224,75254,75241,75507,76104,76885,77839,79168,80340,81162
"748","F",40401,52009,51739,51362,51126,50878,50932,51178,51317,51446,51448,51352,51277,51257,51218,51250,51487,51764,52158,52853,53422,53833
"749","M",40401,49958,49650,49245,48925,48620,48644,48776,48819,48811,48868,48952,48960,48835,48885,48890,49172,49450,49867,50721,51381,51974
"751","F",40402,28252,28125,27926,27717,27597,27641,27680,27768,27655,27534,27354,27372,27415,27546,27528,27559,27837,28275,28639,29014,29398
"752","M",40402,27916,27698,27408,27132,26940,26895,26879,26828,26783,26689,26605,26623,26653,26464,26463,26415,26730,27274,27876,28453,29032
"754","F",40403,27980,27887,27648,27583,27486,27581,27732,27796,28009,27966,27938,28080,28203,28330,28427,28818,29245,29541,29936,30307,30557
"755","M",40403,27092,26935,26650,26469,26303,26336,26441,26544,26810,26722,26833,27035,27152,27278,27431,27730,28112,28431,28870,29273,29458
"757","F",40501,13457,13744,13847,13984,14153,14260,14344,14496,14561,14632,14704,14844,15031,15244,15443,15577,15802,16015,16208,16521,16707
"758","M",40501,13581,13854,13926,14035,14178,14278,14414,14590,14654,14749,14977,15141,15431,15743,15989,16169,16317,16419,16588,16824,17008
"760","F",40502,10871,10905,10930,10913,10848,10805,10797,10700,10662,10636,10622,10744,10637,10665,10685,10715,10765,10813,10854,10930,11009
"761","M",40502,11273,11309,11339,11317,11262,11211,11242,11127,11135,11165,11147,11158,11124,11085,11059,11057,11091,11138,11213,11305,11349
"763","F",40503,15359,15357,15368,15236,15020,14835,14744,14622,14464,14314,14124,14074,14021,13939,13936,14014,14044,13980,13948,13917,13807
"764","M",40503,15468,15425,15398,15195,14911,14694,14622,14483,14366,14285,14200,14212,14191,14149,14098,14075,14105,14060,13984,13944,13883
"766","F",40504,10840,10918,11056,11013,11009,10960,10979,11029,11042,11088,11132,11146,11173,11234,11405,11474,11640,11800,11970,12060,12091
"767","M",40504,11012,11083,11223,11201,11191,11130,11167,11203,11232,11296,11349,11398,11523,11565,11601,11674,11831,11973,12152,12232,12261
"769","F",40601,28818,28843,28614,28428,28057,27869,27734,27586,27521,27388,27448,27499,27492,27448,27398,27419,27682,27859,28096,28288,28321
"770","M",40601,30875,30843,30488,30240,29785,29503,29358,29183,29077,28865,28606,28691,28745,28872,28859,29059,29117,29162,29201,29282,29386
"772","F",40602,14763,14654,14469,14376,14176,13890,13750,13886,13992,14027,13634,13274,13284,13124,13010,13040,13135,13223,13281,13336,13433
"773","M",40602,16545,16404,16164,16028,15739,15446,15301,15439,15528,15552,15739,15040,14999,14873,14704,14721,14993,15309,15480,15672,15736
"775","F",40701,14554,14830,15335,15734,16261,16828,17182,17600,18001,18331,18762,19303,19763,20331,20836,21252,21893,22585,23159,23775,24090
"776","M",40701,14675,14881,15279,15595,16032,16524,16902,17329,17688,18008,18450,18986,19460,20044,20498,20900,21402,21878,22295,22769,23184
"778","F",40702,30895,31058,31110,31159,30970,30908,30912,30836,30899,30807,30843,30989,31164,31148,31315,31351,31501,31614,31721,31894,31853
"779","M",40702,31960,32076,32053,32027,31806,31684,31678,31611,31621,31521,31489,31709,31855,31948,32229,32279,32385,32455,32503,32648,32522
"781","F",40703,32843,33110,33118,33213,33229,33169,33162,33221,33174,33192,33365,33405,33325,33336,33467,33599,33681,33691,33710,33688,33731
"782","M",40703,34985,35172,35047,35073,34974,34848,34852,34840,34890,34921,34864,34973,34931,34900,34927,34911,35025,35168,35185,35140,35152
"784","F",50101,10244,10705,11094,11708,12457,13119,13803,14541,15234,15910,16565,16976,17280,17560,18224,18619,19080,20028,20903,21733,22371
"785","M",50101,10510,10906,11316,11912,12656,13343,14011,14748,15466,16143,16797,17260,17574,17926,18657,19097,19259,19814,20380,20829,21332
"787","F",50102,31495,31679,32216,32649,33115,33903,34798,35709,36755,37850,38592,38751,39033,39619,40888,42127,42859,44445,46180,47562,48956
"788","M",50102,32725,32895,33362,33738,34151,34860,35580,36438,37521,38599,39382,39596,39859,40802,42367,43949,44299,45447,46716,47606,48524
"790","F",50103,10310,10335,10354,10323,10398,10541,10617,10593,10736,10751,10754,10710,10629,10540,10528,10585,10592,10720,10911,11004,11174
"791","M",50103,11085,11050,11056,10980,11008,11113,11157,11195,11313,11332,11384,11369,11139,10991,11059,11063,11004,11041,11130,11139,11093
"793","F",50201,18523,19693,20816,22087,23471,24699,25885,26932,27543,28682,29799,30237,31486,32893,34108,35237,36748,39060,41165,42374,44400
"794","M",50201,18813,19907,20966,22172,23479,24609,25702,26702,27280,28381,29346,29833,31235,32856,34154,35386,36691,38629,40420,41388,43024
"796","F",50301,33081,33111,32985,32964,33025,33219,33304,33285,33314,33464,33849,33784,33720,33732,33736,33691,33914,34282,34674,34880,35379
"797","M",50301,30436,30534,30512,30598,30741,30942,31001,31026,31155,31249,31271,31524,31711,31782,31920,32123,32305,32699,33039,33158,33383
"799","F",50302,34248,34574,34731,34836,35096,35564,35795,35979,36414,36789,37164,37917,38566,39324,40303,41188,42686,44390,46260,47325,48576
"800","M",50302,33969,34215,34309,34396,34628,35006,35498,35766,36178,36535,37096,38121,39108,40186,41537,42884,44358,46261,48280,49343,50636
"802","F",50401,35398,35492,35299,35168,35094,35249,35192,35324,35603,35810,36005,36105,35959,35896,35762,36204,36968,37916,38768,39492,40324
"803","M",50401,35782,35831,35579,35425,35285,35385,34999,35022,35287,35581,35825,35818,35882,35884,35802,36584,37280,38353,39312,40023,40921
"805","F",50402,17050,17310,17492,17679,18057,18448,18684,18880,19134,19206,19605,19589,19590,19600,19590,19572,19663,19797,20075,20252,20561
"806","M",50402,17450,17660,17799,17946,18286,18619,18883,19127,19429,19499,19639,19905,20095,20179,20470,20614,20746,20965,21323,21537,21865
"808","F",50403,24319,25635,27363,29508,31393,32858,34445,36011,37160,38206,39941,41087,42193,43126,44100,45549,47587,49510,51379,52801,54268
"809","M",50403,24889,26172,27848,29980,31791,33198,34851,36478,37727,38780,40042,41168,42301,43335,44351,45799,47713,49691,51521,52890,54445
"811","F",50501,63955,65806,67851,70141,72378,73844,74568,75909,76794,77689,78794,78856,78896,78862,78370,78417,78795,79287,79812,80367,81580
"812","M",50501,64760,66551,68577,70851,73042,74404,75697,77093,77459,77277,77616,77964,78171,78356,78083,78153,78430,78888,79344,79686,80625
"814","F",50502,80700,80422,79863,79693,79849,80076,80733,81149,81389,81990,82584,82947,83485,84030,84556,85358,87840,89922,92390,94162,96543
"815","M",50502,75269,75275,75072,75150,75557,76038,76504,76774,76906,77296,78032,78559,79379,80375,81142,82237,84783,87268,89930,91662,94078
"817","F",50503,23225,24660,26555,28741,30460,32377,34517,36278,38169,40224,42152,44203,46891,50046,53460,57433,63026,68111,73205,76772,80682
"818","M",50503,23406,24829,26731,28929,30651,32567,34672,36419,38316,40329,42171,44239,46931,50139,53593,57510,62811,67729,72650,75974,79599
"820","F",50601,24635,25068,25451,25612,25826,26081,26123,26284,26218,26218,26304,26245,26183,26131,26051,26139,26831,27844,29162,30852,32611
"821","M",50601,24561,24971,25347,25501,25700,25901,25927,26056,26034,26036,26087,25959,25866,25910,25744,26160,26904,27965,29346,31006,32784
"823","F",50602,25210,25303,24981,25039,25333,25729,26023,26262,27017,27316,27144,27370,27484,27673,27858,28208,29202,30231,31294,32020,33075
"824","M",50602,23792,23908,23650,23746,24066,24475,24758,25025,25737,26022,26848,27223,27446,27793,28167,28779,29944,31372,32744,33642,34901
"826","F",50603,36867,37050,36955,37179,37601,38094,38665,39325,40031,40481,41324,41680,41932,42127,42237,42474,43609,44493,45378,46127,47109
"827","M",50603,35825,36056,36000,36259,36718,37231,37645,38132,38643,38943,39204,39853,40351,40812,41099,41547,42751,43941,45143,46032,47101
"829","F",50604,35553,36084,36405,36469,37027,37890,38630,38981,40030,40906,41668,42466,43541,44677,45837,46959,48509,50319,52189,53883,55388
"830","M",50604,36473,36968,37249,37256,37771,38592,39262,39613,40556,41326,41994,42871,44044,45443,46763,47999,49526,51588,53593,55367,57047
"832","F",50605,24197,24204,24156,24194,24225,24386,24491,24614,24364,24555,24615,24737,24884,25081,25540,25693,26296,26786,27285,27884,28359
"833","M",50605,24306,24230,24118,24079,24034,24110,24094,24116,24124,24134,24128,24326,24535,24828,25512,25730,26264,26754,27202,27688,28133
"835","F",50606,3988,4104,4280,4506,4750,4971,5083,5196,5379,5552,5719,5795,5927,6032,6247,6402,6820,7414,8054,8416,9062
"836","M",50606,4273,4375,4550,4785,5033,5261,5387,5508,5710,5892,6056,6180,6332,6459,6711,6892,7306,7849,8488,8840,9487
"838","F",50607,18771,18811,18633,18609,18690,18911,19022,19117,19273,19363,19403,19682,19915,20079,20259,20438,20818,21351,21773,21827,22128
"839","M",50607,16629,16822,16816,16962,17185,17526,17615,17722,17877,17977,18201,18694,19088,19453,19840,20161,20471,20880,21233,21238,21566
"841","F",50701,25596,26008,26249,26711,27449,28462,29133,29960,31121,32339,33251,34051,34594,35539,36470,37508,39368,41085,43132,44535,46277
"842","M",50701,25613,26081,26387,26919,27732,28773,29409,30216,31326,32460,33505,34330,34847,35825,36742,37812,39639,41349,43363,44668,46338
"844","F",50702,15582,15649,15621,15688,15783,15972,16149,16251,16360,16461,16534,16581,16638,16600,16570,16627,16932,17280,17636,17901,18372
"845","M",50702,15052,15116,15058,15125,15200,15386,15539,15709,15908,15997,16186,16522,16609,16605,16611,16697,16887,17118,17329,17445,17846
"847","F",50703,8899,9055,9236,9449,9636,9712,9903,10075,10240,10406,10497,10605,10755,10845,11039,11459,11971,12782,13611,14167,15017
"848","M",50703,8934,9228,9548,9906,10231,10430,10639,10842,11037,11216,11310,11440,11648,11748,12014,12527,12989,13700,14436,14965,15680
"850","F",50704,46913,47876,48265,48447,48734,49390,49802,50282,50797,51073,52167,52091,51957,51799,51703,51645,52206,52464,53032,53469,54071
"851","M",50704,44972,45898,46280,46481,46779,47389,47628,47956,48275,48418,48100,48177,48123,48004,47990,48084,48645,49031,49733,50152,50911
"853","F",50705,22003,23427,25524,27330,29476,30880,32551,33830,35028,36191,37309,38074,38996,40112,41418,43402,46067,48172,50226,52405,54575
"854","M",50705,22198,23554,25597,27320,29396,30701,32299,33561,34728,35846,36876,37728,38722,40056,41518,43631,46168,48334,50413,52517,54840
"856","F",50801,5933,6082,6252,6416,6616,6756,6880,6981,7098,7185,7234,7302,7401,7443,7488,7524,7598,7703,7784,7880,7995
"857","M",50801,6591,6678,6811,6913,7059,7146,7271,7413,7554,7634,7671,7714,7788,7860,7979,8186,8140,8128,8116,8085,8074
"859","F",50802,4827,4728,4643,4616,4607,4574,4616,4697,4745,4815,4865,4815,4777,4616,4522,4437,4423,4465,4497,4556,4696
"860","M",50802,5462,5329,5210,5176,5167,5106,5152,5228,5305,5390,5483,5432,5345,5216,5112,5032,4924,4915,4937,4951,4978
"862","F",50803,18042,18049,17990,18339,18778,19086,19479,19576,19384,18971,18502,18408,18538,18210,18074,18130,18366,18936,19435,19760,20196
"863","M",50803,22092,22240,22306,22892,23515,24003,23787,23201,22650,22279,21941,21709,21661,21413,21164,21075,21303,21809,22301,22745,23160
"865","F",50804,10826,10871,11022,11515,11985,12361,12807,13407,14056,14665,15216,15510,15564,15779,15982,16232,16414,16722,16975,17168,17427
"866","M",50804,12549,12448,12479,12924,13287,13558,14154,15024,16004,16807,17540,17720,17462,17551,17655,17830,18090,18535,18828,19059,19364
"868","F",50805,22412,22692,22829,22957,23215,23418,23744,24014,24229,24281,24382,24505,24482,24515,24583,24730,24904,25585,26222,26579,27067
"869","M",50805,25177,25458,25681,25796,26102,26471,26645,26667,26295,25966,26298,26187,26125,26015,26312,26713,26634,27194,27705,27894,28244
"871","F",50806,21016,20636,19709,19096,18557,18313,18529,18638,18462,18163,17887,18582,19389,20027,20706,21684,21723,22236,22900,23436,24122
"872","M",50806,25534,25097,24052,23342,22748,22501,22696,22781,22497,22077,21731,22653,23802,25065,26299,27729,29442,31434,33678,35476,37655
"874","F",50901,23985,24132,24323,24407,24683,25011,25442,25772,26073,26274,26539,26657,26751,26694,26902,27102,27303,27726,28213,28546,28914
"875","M",50901,24830,24926,25062,25069,25288,25548,25984,26333,26707,26963,27250,27405,27558,27675,27922,28187,27968,28022,28198,28165,28323
"877","F",50902,24300,24246,24349,24425,24565,24695,24971,25238,25408,25563,25645,25646,25549,25306,25341,25279,25386,25769,26230,26515,26817
"878","M",50902,26804,26778,26900,26914,27113,27235,27529,27668,27857,28067,28138,28021,27997,27757,27709,27646,27321,27395,27694,27817,28029
"880","F",50903,11034,10954,10932,10810,10623,10567,10473,10430,10316,10235,10176,10155,10108,9949,9982,9962,9932,9975,10062,10131,10267
"881","M",50903,12169,12107,12070,11896,11715,11623,11509,11361,11201,11058,10941,10893,10914,10781,10775,10751,10708,10796,10913,11077,11064
"883","F",60101,6231,6435,6461,6633,6758,6797,6723,6709,6744,6789,6778,6835,6926,7173,7385,7528,7667,7836,8014,8197,8252
"884","M",60101,6035,6201,6209,6372,6452,6470,6402,6414,6481,6551,6614,6658,6771,6947,7132,7282,7424,7583,7760,7938,8000
"886","F",60102,24346,24382,24468,24414,24397,24402,24333,24247,24211,24205,24186,24139,24184,24341,24522,24755,24802,24952,25184,25400,25530
"887","M",60102,23319,23332,23441,23393,23393,23405,23361,23227,23177,23180,23213,23129,23226,23323,23393,23476,23683,23977,24363,24754,25056
"889","F",60103,26623,26846,26901,27070,27219,27234,27207,27061,26919,26848,25826,25765,26163,26334,26005,26171,26208,26320,26459,26542,26505
"890","M",60103,24020,24251,24272,24243,24111,24101,23945,23781,23639,23523,24422,24330,24358,24322,24302,24265,24572,24869,25177,25399,25584
"892","F",60104,12156,12445,12783,13072,13398,13546,13701,13791,13898,14063,13730,13841,14124,14395,14662,14868,15087,15400,15690,15969,16224
"893","M",60104,11093,11405,11678,11925,12040,12174,12220,12241,12277,12372,12948,13018,13246,13412,13621,13767,14053,14429,14819,15223,15513
"895","F",60105,23253,23448,23507,23296,22981,22912,22595,22511,22505,22564,24362,24450,24687,24913,25144,25179,25207,25278,25366,25437,25403
"896","M",60105,24562,24364,24339,24213,24311,24080,24210,24308,24465,24582,22933,23055,23379,23665,23856,23874,24090,24307,24683,24971,25188
"898","F",60106,4906,5113,5348,5574,5797,5963,6060,6082,6126,6117,6202,6250,6357,6473,6644,6807,6921,7093,7269,7399,7454
"899","M",60106,5104,5283,5499,5694,5901,6040,6135,6161,6176,6172,6189,6256,6367,6473,6622,6781,6935,7122,7301,7440,7564
"901","F",60201,37942,38274,38462,38716,38881,39025,39039,38912,39060,39176,39555,39673,40017,40384,40654,40823,41149,41409,41697,41940,42180
"902","M",60201,36139,36391,36533,36728,36842,36894,36896,36767,36846,36904,36785,36976,37435,37872,38136,38363,38839,39395,39912,40352,40562
"904","F",60202,10276,10413,10447,10539,10660,10722,10783,10805,10814,10860,10778,10828,10884,11086,11138,11212,11256,11308,11373,11417,11437
"905","M",60202,10259,10408,10451,10534,10655,10731,10704,10689,10690,10657,10817,10816,10899,11125,11220,11306,11365,11396,11398,11409,11443
"907","F",60203,17830,17986,18074,18100,18123,18177,18150,18113,18020,17954,17934,18001,18113,18251,18343,18401,18389,18449,18553,18599,18540
"908","M",60203,18435,18580,18685,18748,18768,18864,18789,18728,18647,18593,18592,18648,18888,18954,19104,19179,19174,19237,19335,19391,19469
"910","F",60301,5673,5504,5495,5466,5466,5492,5482,5464,5496,5503,5257,5256,5313,5254,5324,5295,5339,5399,5478,5535,5570
"911","M",60301,6061,5919,5883,5828,5759,5792,5695,5637,5596,5561,5784,5801,5826,5863,5868,5930,5966,6054,6132,6202,6232
"913","F",60302,7246,7411,7557,7715,7771,7819,7920,7924,7991,8063,8125,8148,8179,8293,8358,8417,8569,8695,8865,9023,9130
"914","M",60302,7625,7769,7896,8048,8094,8132,8243,8256,8313,8383,8463,8490,8569,8706,8795,8873,9039,9213,9407,9560,9727
"916","F",60303,2920,2975,3042,3122,3166,3145,3166,3173,3170,3129,3029,3028,3023,3117,3182,3235,3264,3289,3316,3315,3309
"917","M",60303,2953,3042,3100,3160,3163,3179,3173,3168,3174,3157,3240,3234,3277,3322,3398,3417,3441,3484,3517,3538,3527
"919","F",60401,25385,25360,25198,25084,24979,24892,24795,24661,24521,24466,24499,24427,24534,24699,24656,24822,24946,25115,25340,25439,25500
"920","M",60401,24866,24760,24570,24433,24278,24149,24019,23802,23639,23516,23242,23153,23334,23455,23390,23728,23902,24208,24412,24532,24588
"922","F",60402,19816,20048,20149,20304,20461,20623,20656,20679,20703,20778,20719,20701,20894,21155,21340,21395,21649,21974,22363,22605,22733
"923","M",60402,19144,19358,19456,19592,19754,19920,19924,19916,19916,19936,20087,20048,20360,20721,20884,21000,21212,21632,22061,22293,22457
"925","F",60403,10733,10603,10518,10232,9981,9978,9849,9673,9518,9379,9300,9179,9178,9141,9147,9167,9150,9132,9131,9077,8926
"926","M",60403,11851,11673,11565,11251,10956,10947,10733,10530,10298,10142,10059,10019,10023,10009,9977,9986,9964,10013,9978,9951,9880
"928","F",70101,7246,7178,7202,7181,7256,7349,7523,7642,7842,8149,8249,8298,8476,8753,9140,9400,9837,10391,10936,11208,11345
"929","M",70101,8939,8925,9053,9129,9351,9547,9677,9775,9895,10120,10220,10306,10412,10722,11310,11662,11931,12312,12776,13060,13431
"931","F",70102,25720,25767,25574,25466,25662,25759,25741,25377,24902,24912,25147,24859,24626,24568,24657,24702,25127,25668,26363,26728,26685
"932","M",70102,27533,27595,27551,27493,27774,28002,27962,27732,27433,27346,26995,26789,26436,26297,26401,26569,26885,27361,27909,28322,28553
"934","F",70103,4079,4416,4777,5101,5544,5935,6270,6494,6661,6846,6747,6738,6756,6814,6983,7095,7579,8050,8466,8812,8976
"935","M",70103,4801,5202,5669,6056,6613,7103,7531,7779,8043,8205,8597,8669,8654,8723,8817,8950,9419,9933,10342,10644,10826
"937","F",70104,3998,4342,4849,5483,6119,6756,7845,8674,9613,10230,10980,11209,11268,11408,11764,12224,12817,13485,14021,14327,14559
"938","M",70104,4098,4409,4895,5515,6110,6796,7969,8922,9956,10604,11345,11811,11805,11926,12316,12859,13340,14010,14502,14728,14731
"940","F",70201,16351,16699,17019,17299,17669,18084,18445,18682,18976,19295,19585,19617,19655,19726,19891,20035,19943,19755,19685,19598,19406
"941","M",70201,17168,17512,17787,17996,18332,18730,19143,19425,19857,20363,20622,20577,20305,20054,19819,19692,19955,20609,21233,21554,21617
"943","F",70202,2796,2929,2994,3043,3095,3153,3175,3113,3047,2972,2888,2844,2813,2826,2907,2964,3011,3057,3095,3128,3167
"944","M",70202,3196,3326,3389,3420,3462,3512,3531,3473,3388,3287,3153,3111,3058,3032,3081,3146,3229,3338,3407,3427,3396
"946","F",70203,5842,5916,6002,6074,6221,6406,6686,6852,6943,7016,7108,7121,7150,7221,7374,7514,7618,7770,8007,8176,8362
"947","M",70203,6433,6519,6621,6718,6895,7111,7336,7480,7565,7576,7623,7683,7725,7793,7927,8137,8438,8804,9211,9565,9737
"949","F",70204,5561,5580,5601,5665,5740,5873,6072,6199,6325,6393,6520,6571,6615,6733,6965,7173,7272,7347,7438,7519,7533
"950","M",70204,6033,6053,6083,6142,6204,6362,6618,6789,6863,6975,6992,7092,7112,7209,7489,7699,7910,8180,8404,8558,8568
"952","F",70205,7271,7445,7621,7807,7963,8130,8315,8455,8657,8857,8965,9004,9026,9112,9314,9448,9481,9580,9695,9766,9776
"953","M",70205,8428,8733,9021,9320,9592,9908,9916,10042,10046,10003,10007,9952,9833,9746,9750,9788,9956,10224,10537,10658,10624
"955","F",80101,44932,44599,44099,43395,43184,43355,42986,42722,42750,43080,43468,43926,43993,43831,43828,43952,45115,45776,46559,47765,48136
"956","M",80101,44511,44086,43521,42786,42522,42632,42260,42327,42291,42497,42714,43016,43340,43187,43260,43339,44516,45288,46198,47258,47513
"958","F",80103,747,730,709,673,626,585,576,567,538,531,510,506,504,502,490,473,478,481,495,503,513
"959","M",80103,1068,1065,1080,1072,1026,1002,985,952,936,910,889,863,842,813,755,711,718,726,893,974,1036
"961","F",80105,19871,19800,19551,19464,19295,19328,19198,19020,19036,19227,19460,19832,20391,20870,21242,21720,22405,22964,23429,23922,24520
"962","M",80105,19979,19896,19659,19497,19301,19289,19134,19013,18959,19015,19150,19634,20308,20896,21411,22111,22983,23608,24283,24817,25390
"964","F",80106,10697,10701,10836,10911,11021,11113,11230,11243,11334,11380,11426,11443,11479,11535,11756,12121,12375,12457,12566,12688,12794
"965","M",80106,10258,10254,10320,10351,10460,10505,10681,10681,10767,10777,10874,10977,10965,10948,11237,11625,11856,11949,12098,12237,12382
"967","F",80107,37157,40553,42781,44159,44959,45604,45610,45559,45747,46054,46411,46323,46272,45874,45654,45559,45787,45761,45824,45667,45110
"968","M",80107,37255,40498,42512,43727,44427,44903,44829,44828,44873,45004,45096,44976,44904,44684,44573,44471,44678,44764,44924,44814,44209
"970","F",80108,13503,13324,13053,12877,12654,12612,12473,12329,12279,12205,12208,12188,11816,11634,11651,11623,11699,11755,11822,11906,11876
"971","M",80108,13615,13339,12985,12680,12393,12262,11999,11761,11690,11544,11518,11469,11188,11071,11059,11071,11228,11301,11408,11515,11478
"973","F",80109,16962,17004,16874,16719,16676,16688,16511,16449,16517,16526,16585,16675,16806,16730,16892,17032,17081,17134,17224,17383,17422
"974","M",80109,16959,16963,16792,16592,16526,16504,16316,16224,16127,16101,16134,16186,16156,16102,16121,16194,16328,16436,16591,16685,16702
